title,author_name,author_url,publication_date,description,category,image_url,url,country
Nigeria: le sélectionneur Augustine Eguavoen confirmé à son poste,Romaric Déguénon,https://beninwebtv.com/author/romaric/,27 septembre 2024,"Intérimaire lors des deux premières journées des éliminatoires de la CAN 2025, Augustine Eguavoen a été confirmé à son poste de sélectionneur national des...",Afrique – Sport,https://i0.wp.com/beninwebtv.com/wp-content/uploads/2024/09/Augustine_Eguavoengh.webp?resize=696%2C463&ssl=1,https://beninwebtv.com/nigeria-le-selectionneur-augustine-eguavoen-confirme-a-son-poste/,Nigeria
Nigeria: Coca-Cola injecte un milliard de dollars dans ses activités,Kevin Aka,https://beninwebtv.com/author/kevin/,21 septembre 2024,"Le Nigeria, en proie à une grave crise économique et désireux d'attirer les multinationales, reçoit une annonce de taille : Coca-Cola prévoit d'investir un...",Société,https://i0.wp.com/beninwebtv.com/wp-content/uploads/2024/08/Coca-Cola.jpg?resize=696%2C348&ssl=1,https://beninwebtv.com/nigeria-coca-cola-injecte-un-milliard-de-dollars-dans-ses-activites/,Nigeria
Terrorisme au Nigeria: l’armée élimine 4 bandits et sauve des otages,Kevin Aka,https://beninwebtv.com/author/kevin/,18 septembre 2024,"Au Nigeria, au moins quatre bandits ont été abattus et 20 otages libérés mardi par les forces nigérianes lors de raids antiterroristes distincts dans...",Société,https://i0.wp.com/beninwebtv.com/wp-content/uploads/2021/08/Attaques-terroristes-au-Burkina-1.png?resize=696%2C427&ssl=1,https://beninwebtv.com/terrorisme-au-nigeria-larmee-elimine-4-bandits-et-sauve-des-otages/,Nigeria
Nigeria: Bola Tinubu confirme la mort de 40 personnes dans un accident de route,Kevin Aka,https://beninwebtv.com/author/kevin/,18 septembre 2024,"Au début de la semaine, une collision entre une voiture et un camion dans l'État de Kaduna, au nord-ouest du Nigeria, a fait au...",Société,https://i0.wp.com/beninwebtv.com/wp-content/uploads/2022/06/Bola-Tinubu.jpg?resize=696%2C392&ssl=1,https://beninwebtv.com/nigeria-bola-tinubu-confirme-la-mort-de-40-personnes-dans-un-accident-de-route/,Nigeria
Nigeria: des inondations provoquent l’évasion de 281 prisonniers dans le nord-est du pays,Kevin Aka,https://beninwebtv.com/author/kevin/,16 septembre 2024,"La semaine dernière, plus de 280 détenus se sont échappés d'une prison du nord du Nigeria après que des inondations ont provoqué l'effondrement de...",Société,https://i0.wp.com/beninwebtv.com/wp-content/uploads/2024/02/prison.webp?resize=696%2C391&ssl=1,https://beninwebtv.com/nigeria-des-inondations-provoquent-levasion-de-281-prisonniers-dans-le-nord-est-du-pays/,Nigeria
Nigeria: la raffinerie Dangote entame l’approvisionnement du pays en essence,Kevin Aka,https://beninwebtv.com/author/kevin/,16 septembre 2024,"Les premiers camions-citernes transportant de l'essence ont quitté, le 15 septembre 2024, la raffinerie du milliardaire Aliko Dangote, marquant ainsi un tournant pour le...",Société,https://i0.wp.com/beninwebtv.com/wp-content/uploads/2023/05/Dangote-refinery-e1631537215788.jpg?resize=696%2C392&ssl=1,https://beninwebtv.com/nigeria-la-raffinerie-dangote-entame-lapprovisionnement-du-pays-en-essence/,Nigeria
"Terrorisme: trois Béninois kidnappés au Nigeria, une rançon exigée",Romaric Déguénon,https://beninwebtv.com/author/romaric/,16 septembre 2024,"Trois Béninois ont été enlevés par de présumés terroristes au Nigeria alors qu'ils rentraient au pays par la frontière qui traverse les deux nations,...",Société,https://i0.wp.com/beninwebtv.com/wp-content/uploads/2024/09/Terrorisme-2-1024x767-1.webp?resize=696%2C521&ssl=1,https://beninwebtv.com/terrorisme-trois-beninois-kidnappes-au-nigeria-une-rancon-exigee/,Bénin
"Mondial U20 (F): le Nigeria éliminé, plus de représentant africain",Romaric Déguénon,https://beninwebtv.com/author/romaric/,13 septembre 2024,"Le Nigeria est éliminé de la Coupe du monde féminine U20 qui se déroule en Colombie après sa défaite face au Japon (2-1), ce...",Afrique – Sport,https://i0.wp.com/beninwebtv.com/wp-content/uploads/2024/03/Nigeria-U20-F.webp?resize=696%2C391&ssl=1,https://beninwebtv.com/mondial-u20-f-le-nigeria-elimine-plus-de-representant-africain/,Nigeria
Nigeria: une ville submergée après la rupture d’un barrage,Kevin Aka,https://beninwebtv.com/author/kevin/,11 septembre 2024,"Au Nigeria, la ville de Maiduguri, située à l'extrême nord du pays, a été inondée après la rupture d'un barrage sous l'effet de pluies...",Société,https://i0.wp.com/beninwebtv.com/wp-content/uploads/2024/09/la-ville-de-Maiduguri-sous-les-eaux.jpg?resize=696%2C348&ssl=1,https://beninwebtv.com/nigeria-une-ville-submergee-apres-la-rupture-dun-barrage/,Nigeria
CAN 2025 (Q): le classement des buteurs après deux journées,Romaric Déguénon,https://beninwebtv.com/author/romaric/,11 septembre 2024,"Les deux premières journées des éliminatoires de la CAN 2025 ont été prolifiques en but, avec l'ivoirien Jean-Philippe Krasso qui mène la danse au...",Afrique – Sport,https://i0.wp.com/beninwebtv.com/wp-content/uploads/2023/11/Lattaquant-gabonais-Pierre-Emerick-Aubameyang.webp?resize=696%2C450&ssl=1,https://beninwebtv.com/can-2025-q-le-classement-des-buteurs-apres-deux-journees/,Côte d'Ivoire
"«Arrêtez de nous tuer et de nous violer», le coup de gueule d’Ayra Starr",Romaric Déguénon,https://beninwebtv.com/author/romaric/,10 septembre 2024,"La star d'Afrobeats Ayra Starr a condamné le meurtre brutal d'Idowu Christianah, une étudiante de l'Université fédérale d'agriculture d'Abeokuta au Nigeria.
Selon la presse nigériane,...",Célébrité,https://i0.wp.com/beninwebtv.com/wp-content/uploads/2024/03/Ayra-1.webp?resize=696%2C391&ssl=1,https://beninwebtv.com/arretez-de-nous-tuer-et-de-nous-violer-le-coup-de-gueule-dayra-starr/,Nigeria
"CAN 2025 (Q): le Nigeria bute sur le Rwanda, le Mali et le Mozambique assurent",Romaric Déguénon,https://beninwebtv.com/author/romaric/,10 septembre 2024,Le Nigeria n'a pu faire mieux qu'un match nul face au Rwanda (0-0) ce mardi en éliminatoire de la CAN 2025. Neutralisés lors de...,Afrique – Sport,https://i0.wp.com/beninwebtv.com/wp-content/uploads/2023/10/Des-joueurs-du-Nigeria-celebrent-leur-but_1.webp?resize=696%2C465&ssl=1,https://beninwebtv.com/can-2025-q-le-nigeria-bute-sur-le-rwanda-le-mali-et-le-mozambique-assurent/,Nigeria
"CAN 2025 (Q): Nigeria 3-0 Bénin, Maroc 4-1 Gabon, les résultats de la 1ère journée",Romaric Déguénon,https://beninwebtv.com/author/romaric/,9 septembre 2024,"Découvrez les résultats des rencontres disputées la semaine dernière à travers l'Afrique, comptant pour la première journée des éliminatoires de la CAN 2025.
Démarrée mercredi,...",Afrique – Sport,https://i0.wp.com/beninwebtv.com/wp-content/uploads/2024/06/can-2.webp?resize=696%2C432&ssl=1,https://beninwebtv.com/can-2025-q-nigeria-3-0-benin-maroc-4-1-gabon-les-resultats-de-la-1ere-journee/,Bénin
Nigeria : au moins 48 morts dans l’explosion d’un camion-citerne,Angèle M. ADANLE,https://beninwebtv.com/author/angele/,9 septembre 2024,"Le dimanche 8 septembre 2024, 48 personnes ont été tuées dans l'explosion d'un camion-citerne au Nigeria.
Un camion-citerne transportant de l'essence a pris feu après...",Société,https://i0.wp.com/beninwebtv.com/wp-content/uploads/2023/09/Incendie-meurtrier-a-Seme-Krake.jpg?resize=696%2C463&ssl=1,https://beninwebtv.com/nigeria-au-moins-48-morts-dans-lexplosion-dun-camion-citerne/,Nigeria
"« On peut être méchant comme ça? », Fanicko après Nigeria 3-0 Bénin",Romaric Déguénon,https://beninwebtv.com/author/romaric/,7 septembre 2024,La lourde défaite des Guépards du Bénin face aux Super Eagles du Nigeria (0-3) en éliminatoires de la CAN 2025 suscite de vives réactions...,Afrique – Sport,https://i0.wp.com/beninwebtv.com/wp-content/uploads/2024/09/fanicko.webp?resize=696%2C392&ssl=1,https://beninwebtv.com/on-peut-etre-mechant-comme-ca-fanicko-apres-nigeria-3-0-benin/,Bénin
Nigeria 3-0 Bénin: l’analyse lucide de Gernot Rohr,Romaric Déguénon,https://beninwebtv.com/author/romaric/,7 septembre 2024,"Au micro de Canal+ ce samedi soir, après la défaite des Guépards face aux Super Eagles du Nigeria (3-0), dans le cadre des éliminatoires...",Afrique – Sport,https://i0.wp.com/beninwebtv.com/wp-content/uploads/2023/10/Le-selectionneur-national-du-Benin_-Gernot-Rohr_-en-conference-de-presse-a-Cotonou-ce-mardi-6-juin-2.webp?resize=696%2C387&ssl=1,https://beninwebtv.com/nigeria-3-0-benin-lanalyse-lucide-de-gernot-rohr/,Bénin
CAN 2025 (Q): le Nigeria écrase le Bénin à Uyo,Romaric Déguénon,https://beninwebtv.com/author/romaric/,7 septembre 2024,"Avec notamment une reprise de volée de Victor Osimhen, le Nigéria a battu le Bénin (3-0) ce samedi à Uyo, à l'occasion de la...",Afrique – Sport,https://i0.wp.com/beninwebtv.com/wp-content/uploads/2023/10/Des-joueurs-du-Nigeria-celebrent-leur-but_1.webp?resize=696%2C465&ssl=1,https://beninwebtv.com/can-2025-q-le-nigeria-ecrase-le-benin-a-uyo/,Bénin
CAN 2025 (Q): les compos officielles de Nigeria-Bénin,Romaric Déguénon,https://beninwebtv.com/author/romaric/,7 septembre 2024,"Le Bénin défie le Nigeria ce samedi au stade d'Uyo (17h, GMT+1), à l'occasion de la première journée des éliminatoires de la CAN 2025....",Afrique – Sport,https://i0.wp.com/beninwebtv.com/wp-content/uploads/2024/08/nigeria-1.webp?resize=696%2C366&ssl=1,https://beninwebtv.com/can-2025-q-les-compos-officielles-de-nigeria-benin/,Bénin
"CAN 2025 (Q): Cameroun-Namibie, Nigeria-Bénin, le programme de ce samedi",Romaric Déguénon,https://beninwebtv.com/author/romaric/,7 septembre 2024,"Découvrez les matchs au programme ce samedi à travers l'Afrique, comptant pour la première journée des éliminatoires de la CAN 2025.
Démarrée mercredi dernier, la...",Afrique – Sport,https://i0.wp.com/beninwebtv.com/wp-content/uploads/2024/02/Maroc.webp?resize=696%2C420&ssl=1,https://beninwebtv.com/can-2025-q-cameroun-namibie-nigeria-benin-le-programme-de-ce-samedi/,Bénin
"Nigeria-Bénin: « on est très motivé », le capitaine Steve Mounié",Romaric Déguénon,https://beninwebtv.com/author/romaric/,7 septembre 2024,"Le capitaine de la sélection béninoise s'est prononcé sur le choc contre le Nigeria ce samedi, en éliminatoire de la CAN 2025. Et Steve...",Afrique – Sport,https://i0.wp.com/beninwebtv.com/wp-content/uploads/2024/06/mounie.webp?resize=696%2C457&ssl=1,https://beninwebtv.com/nigeria-benin-on-est-tres-motive-le-capitaine-steve-mounie/,Bénin
Officiel: Mohamed Tijani forfait pour le derby Nigeria-Bénin,Romaric Déguénon,https://beninwebtv.com/author/romaric/,7 septembre 2024,"En conférence de presse à Uyo, vendredi soir, Gernot Rohr, a évoqué la situation de Mohamed Tijani, blessé à la cheville. Et le sélectionneur...",Afrique – Sport,https://i0.wp.com/beninwebtv.com/wp-content/uploads/2024/07/Capture-decran-2024-02-05-105205-1.webp?resize=696%2C552&ssl=1,https://beninwebtv.com/officiel-mohamed-tijani-forfait-pour-le-derby-nigeria-benin/,Bénin
"CAN 2025 (Q): « nous sommes prêts », Gernot Rohr avant le choc Nigeria-Bénin",Romaric Déguénon,https://beninwebtv.com/author/romaric/,7 septembre 2024,"Le sélectionneur du Bénin, Gernot Rohr, était vendredi en conférence de presse, à la veille du match contre le Nigéria, en éliminatoire de la...",Afrique – Sport,https://i0.wp.com/beninwebtv.com/wp-content/uploads/2023/10/Le-selectionneur-national-du-Benin_-Gernot-Rohr_-en-conference-de-presse-a-Cotonou-ce-mardi-6-juin-2.webp?resize=696%2C387&ssl=1,https://beninwebtv.com/can-2025-q-nous-sommes-prets-gernot-rohr-avant-le-choc-nigeria-benin/,Bénin
CAN 2025 (Q)/Nigeria-Bénin: « pas un match revanche » pour Augustine Eguavoen,Romaric Déguénon,https://beninwebtv.com/author/romaric/,6 septembre 2024,"Le sélectionneur du Nigeria, Augustine Eguavoen, était ce vendredi en conférence de presse, à la veille du match face au Bénin, en éliminatoire de...",Afrique – Sport,https://i0.wp.com/beninwebtv.com/wp-content/uploads/2024/09/Augustine_Eguavoengh.webp?resize=696%2C463&ssl=1,https://beninwebtv.com/can-2025-q-nigeria-benin-pas-un-match-revanche-pour-augustine-eguavoen/,Bénin
CAN 2025 (Q)/Nigeria-Bénin: les Guépards déjà à Uyo (photos),Romaric Déguénon,https://beninwebtv.com/author/romaric/,6 septembre 2024,"Adversaires du Nigeria ce samedi, dans le cadre de la première journée des éliminatoires de la CAN 2025, les Guépards du Bénin sont déjà...",Afrique – Sport,https://i0.wp.com/beninwebtv.com/wp-content/uploads/2024/09/guepards.webp?resize=696%2C464&ssl=1,https://beninwebtv.com/can-2025-q-nigeria-benin-les-guepards-deja-a-uyo-photos/,Bénin
CAN 2025 (Q)/Nigeria-Bénin: où suivre le match en direct?,Romaric Déguénon,https://beninwebtv.com/author/romaric/,5 septembre 2024,"Le Bénin défie le Nigeria ce samedi à Uyo, dans le cadre de la première journée des éliminatoires de la CAN 2025. Une rencontre...",Afrique – Sport,https://i0.wp.com/beninwebtv.com/wp-content/uploads/2024/08/nigeria-1.webp?resize=696%2C366&ssl=1,https://beninwebtv.com/can-2025-q-nigeria-benin-ou-suivre-le-match-en-direct/,Bénin
Super Eagles du Nigeria: la NFF a sollicité les services de Fabio Cannavaro,Romaric Déguénon,https://beninwebtv.com/author/romaric/,5 septembre 2024,"Dans sa quête de trouver un sélectionneur expatrié après l'échec de George Finidi, la Fédération nigériane de football a frappé à plusieurs portes dont...",Football,https://i0.wp.com/beninwebtv.com/wp-content/uploads/2024/04/Cannavaro-1024x576-1.webp?resize=696%2C391&ssl=1,https://beninwebtv.com/super-eagles-du-nigeria-la-nff-a-sollicite-les-services-de-fabio-cannavaro/,Nigeria
"CAN 2025 (Q): avant Nigeria-Bénin, Okoye promet l’enfer aux Guépards",Romaric Déguénon,https://beninwebtv.com/author/romaric/,5 septembre 2024,"Hôte du Bénin ce samedi, dans le cadre de la première journée des éliminatoires de la CAN 2025, le Nigeria compte prendre les trois...",Afrique – Sport,https://i0.wp.com/beninwebtv.com/wp-content/uploads/2024/08/nigeria-1.webp?resize=696%2C366&ssl=1,https://beninwebtv.com/can-2025-q-avant-nigeria-benin-okoye-promet-lenfer-aux-guepards/,Bénin
"CAN 2025 (Q): Gernot Rohr se méfie des Super Eagles, en quête de revanche",Romaric Déguénon,https://beninwebtv.com/author/romaric/,4 septembre 2024,"Le sélectionneur du Bénin, Gernot Rohr, est conscient que les Super Eagles chercheront à se venger des Guépards, bourreaux des Nigérians en juin dernier...",Afrique – Sport,https://i0.wp.com/beninwebtv.com/wp-content/uploads/2024/08/nigeria-1.webp?resize=696%2C366&ssl=1,https://beninwebtv.com/can-2025-q-gernot-rohr-se-mefie-des-super-eagles-en-quete-de-revanche/,Bénin
Nigeria : au moins 81 morts d’une attaque attribuée à Boko Haram,Kevin Aka,https://beninwebtv.com/author/kevin/,4 septembre 2024,"Au Nigeria, au moins 81 personnes ont été tuées et d'autres sont portées disparues après une attaque dans le nord-est du pays. Les autorités...",Sécurité,https://i0.wp.com/beninwebtv.com/wp-content/uploads/2021/08/Boko-Haram-2.jpg?resize=696%2C392&ssl=1,https://beninwebtv.com/nigeria-au-moins-81-morts-dune-attaque-attribuee-a-boko-haram/,Nigeria
CAN 2025 (Q)/Bénin: Mohamed Tijani incertain pour le choc contre le Nigeria,Romaric Déguénon,https://beninwebtv.com/author/romaric/,4 septembre 2024,"Convoqué avec les Guépards pour les deux premières journées des éliminatoires de la CAN 2025, Mohamed Tijani pourrait manquer le choc contre le Nigeria...",Afrique – Sport,https://i0.wp.com/beninwebtv.com/wp-content/uploads/2024/07/Capture-decran-2024-02-05-105205-1.webp?resize=696%2C552&ssl=1,https://beninwebtv.com/can-2025-q-benin-mohamed-tijani-incertain-pour-le-choc-contre-le-nigeria/,Bénin
title,author_name,author_url,publication_date,description,category,image_url,url,country
L’Algérie réintroduit le visa d’entrée pour les citoyens marocains,Kevin Aka,https://beninwebtv.com/author/kevin/,27 septembre 2024,Le gouvernement algérien a annoncé ce jeudi le rétablissement unilatéral et immédiat de l'obligation de visa pour tous les détenteurs de passeports marocains souhaitant...,Diplomatie,https://i0.wp.com/beninwebtv.com/wp-content/uploads/2024/09/Visa-Algerie-Maroc.jpg?resize=696%2C464&ssl=1,https://beninwebtv.com/lalgerie-reintroduit-le-visa-dentree-pour-les-citoyens-marocains/,Algérie
Mondial Futsal 2024: le Maroc éjecte l’Iran et file en quart de finale,Romaric Déguénon,https://beninwebtv.com/author/romaric/,26 septembre 2024,"Le Maroc s'est qualifié pour les quarts de finale de la Coupe du monde de Futsal 2024 après sa victoire face à l'Iran (4-3),...",Football,https://i0.wp.com/beninwebtv.com/wp-content/uploads/2024/03/CAN.webp?resize=696%2C352&ssl=1,https://beninwebtv.com/mondial-futsal-2024-le-maroc-ejecte-liran-et-file-en-quart-de-finale/,Maroc
"PSG: le groupe face à Reims, sans Achraf Hakimi",Romaric Déguénon,https://beninwebtv.com/author/romaric/,21 septembre 2024,"Le PSG se déplace à Reims ce samedi soir, à l'occasion de la cinquième journée de Ligue 1. Le groupe de Luis Enrique pour...",Football,https://i0.wp.com/beninwebtv.com/wp-content/uploads/2023/12/Hakimi-1.webp?resize=696%2C392&ssl=1,https://beninwebtv.com/psg-le-groupe-face-a-reims-sans-achraf-hakimi/,Maroc
Coupe CAF (Q): revivez le match RS Berkane vs Dadjè FC (vidéo),Romaric Déguénon,https://beninwebtv.com/author/romaric/,21 septembre 2024,"En déplacement au Maroc vendredi soir dans le cadre de la manche retour du deuxième tour préliminaire de la Coupe CAF, Dadjè FC a...",Afrique – Sport,https://i0.wp.com/beninwebtv.com/wp-content/uploads/2024/09/Capture-11.webp?resize=696%2C517&ssl=1,https://beninwebtv.com/coupe-caf-q-revivez-le-match-rs-berkane-vs-dadje-fc-video/,Bénin
"Coupe CAF (Q): en quête de remontada, Dadjè FC laminé par le RS Berkane et éliminé",Romaric Déguénon,https://beninwebtv.com/author/romaric/,20 septembre 2024,Dadjè FC défiait le RS Berkane ce vendredi en match retour du 2è tour préliminaire de la Coupe CAF. Et les Béninois se sont...,Afrique – Sport,https://i0.wp.com/beninwebtv.com/wp-content/uploads/2024/07/dADJ7.webp?resize=696%2C365&ssl=1,https://beninwebtv.com/coupe-caf-q-en-quete-de-remontada-dadje-fc-lamine-par-le-rs-berkane-et-elimine/,Bénin
Coupe CAF (Q): les compos officielles de RS Berkane-Dadjè FC,Romaric Déguénon,https://beninwebtv.com/author/romaric/,20 septembre 2024,"Dadjè FC défie le RS Berkane ce vendredi au stade RSB, dans le cadre de la manche retour du deuxième tour préliminaire de la...",Afrique – Sport,https://i0.wp.com/beninwebtv.com/wp-content/uploads/2024/07/dADJ7.webp?resize=696%2C365&ssl=1,https://beninwebtv.com/coupe-caf-q-les-compos-officielles-de-rs-berkane-dadje-fc/,Bénin
"« Cet enfant n’est pas du Maroc », la sortie forte de la grand-mère de Lamine Yamal",Romaric Déguénon,https://beninwebtv.com/author/romaric/,20 septembre 2024,"Dans les colonnes du média espagnol AS, la grand-mère de Lamine Yamal est revenue sur le traumatisme vécu par la famille lors de l'agression...",Football,https://i0.wp.com/beninwebtv.com/wp-content/uploads/2023/10/La-pepite-du-Barca_-Lamine-Yamal.webp?resize=696%2C392&ssl=1,https://beninwebtv.com/cet-enfant-nest-pas-du-maroc-la-sortie-forte-de-la-grand-mere-de-lamine-yamal/,Maroc
Maroc: 152 personnes interpellées à Fnideq pour incitation à la migration illégale,Kevin Aka,https://beninwebtv.com/author/kevin/,20 septembre 2024,"Les forces de sécurité marocaines ont déjoué 45 015 tentatives de migration irrégulière et démantelé 177 réseaux criminels liés au trafic d’êtres humains.
En réponse...",Société,https://i0.wp.com/beninwebtv.com/wp-content/uploads/2024/09/Mustapha-Baitas.jpg?resize=696%2C348&ssl=1,https://beninwebtv.com/maroc-152-personnes-interpellees-a-fnideq-pour-incitation-a-la-migration-illegale/,Maroc
Mondial Futsal 2024: le Maroc écrase le Panama et file en huitième de finale,Romaric Déguénon,https://beninwebtv.com/author/romaric/,20 septembre 2024,Le Maroc a validé son ticket pour les huitièmes de finale de la Coupe du monde de Futsal 2024 qui se déroule en Ouzbékistan...,Football,https://i0.wp.com/beninwebtv.com/wp-content/uploads/2024/03/CAN.webp?resize=696%2C352&ssl=1,https://beninwebtv.com/mondial-futsal-2024-le-maroc-ecrase-le-panama-et-file-en-huitieme-de-finale/,Maroc
Mondial de Futsal 2024: le Maroc croque le Tadjikistan d’entrée,Romaric Déguénon,https://beninwebtv.com/author/romaric/,17 septembre 2024,Le Maroc a empoché ses trois premiers points au Mondial de Futsal 2024 qui se déroule en Ouzbékistan après sa victoire face au  Tadjikistan...,Football,https://i0.wp.com/beninwebtv.com/wp-content/uploads/2024/03/CAN.webp?resize=696%2C352&ssl=1,https://beninwebtv.com/mondial-de-futsal-2024-le-maroc-croque-le-tadjikistan-dentree/,Maroc
Coupe CAF: Dadjè FC tombe face au RS Berkane à Cotonou,Romaric Déguénon,https://beninwebtv.com/author/romaric/,15 septembre 2024,"En réception des marocains de RS Berkane ce samedi, en match aller du second tour préliminaire de la Coupe CAF, Dadjè FC s'est incliné...",Afrique – Sport,https://i0.wp.com/beninwebtv.com/wp-content/uploads/2024/07/dADJ7.webp?resize=696%2C365&ssl=1,https://beninwebtv.com/coupe-caf-dadje-fc-tombe-face-au-rs-berkane-a-cotonou/,Bénin
"« Nous y allons sans aucun complexe », Yaya Koné avant Dadjè-RS Berkane",Romaric Déguénon,https://beninwebtv.com/author/romaric/,14 septembre 2024,"L'entraineur de Dadjè FC, Yaya Koné, s'est prononcé sur le match face au RS Berkane ce samedi, en Coupe CAF. Et le coach a...",Afrique – Sport,https://i0.wp.com/beninwebtv.com/wp-content/uploads/2024/09/kone-1.webp?resize=696%2C451&ssl=1,https://beninwebtv.com/nous-y-allons-sans-aucun-complexe-yaya-kone-avant-dadje-rs-berkane/,Bénin
Ligue 1: Achraf Hakimi jure fidélité au PSG,Romaric Déguénon,https://beninwebtv.com/author/romaric/,13 septembre 2024,"Annoncé dans les valises de Kylian Mbappé qui a rejoint le Real Madrid cet été, Achraf Hakimi ne quittera pas le PSG la saison...",Football,https://i0.wp.com/beninwebtv.com/wp-content/uploads/2023/12/Hakimi-1.webp?resize=696%2C392&ssl=1,https://beninwebtv.com/ligue-1-achraf-hakimi-jure-fidelite-au-psg/,Maroc
Coupe CAF (Q): le choc Dadjè FC vs RS Berkane en direct sur l’ORTB,Romaric Déguénon,https://beninwebtv.com/author/romaric/,13 septembre 2024,"L'ORTB va retransmettre en direct l'intégralité de la rencontre entre Dadjè FC et le RS Berkane, comptant pour la manche aller du deuxième tour...",Afrique – Sport,https://i0.wp.com/beninwebtv.com/wp-content/uploads/2024/07/dADJ7.webp?resize=696%2C365&ssl=1,https://beninwebtv.com/coupe-caf-q-le-choc-dadje-fc-vs-rs-berkane-en-direct-sur-lortb/,Bénin
Maroc : les autorités sanitaires confirment un cas de Mpox à Marrakech,Kevin Aka,https://beninwebtv.com/author/kevin/,13 septembre 2024,"Un cas de variole du singe (Mpox) a été confirmé au Maroc, déclenchant une surveillance sanitaire renforcée.
Le ministère de la Santé a annoncé...",Santé,https://i0.wp.com/beninwebtv.com/wp-content/uploads/2021/12/mpx-localized-ncdc-training-manual_1626479987801_1626528375128.png?resize=696%2C392&ssl=1,https://beninwebtv.com/maroc-les-autorites-sanitaires-confirment-un-cas-de-mpox-a-marrakech/,Maroc
Mondial de Futsal 2024: 03 pays africains en lice pour le titre,Romaric Déguénon,https://beninwebtv.com/author/romaric/,12 septembre 2024,"L'Afrique va également disputer la Coupe du monde de Futsal 2024 de la FIFA qui se déroulera en Ouzbékistan, avec le Maroc, l'Angola et...",Football,https://i0.wp.com/beninwebtv.com/wp-content/uploads/2024/09/mondial_de_futsal.webp?resize=696%2C490&ssl=1,https://beninwebtv.com/mondial-de-futsal-2024-03-pays-africains-en-lice-pour-le-titre/,Angola
Coupe CAF: un sifflet centrafricain pour Dadjè FC-RS Berkane,Romaric Déguénon,https://beninwebtv.com/author/romaric/,10 septembre 2024,La CAF a décliné l'identité de l'arbitre qui officiera le match entre Dadjè FC et RS Berkane dans le cadre du second tour préliminaire...,Afrique – Sport,https://i0.wp.com/beninwebtv.com/wp-content/uploads/2024/07/dADJ7.webp?resize=696%2C365&ssl=1,https://beninwebtv.com/coupe-caf-un-sifflet-centrafricain-pour-dadje-fc-rs-berkane/,Bénin
CAN 2025 (Q): le Maroc s’impose difficilement contre le Lesotho,Leandro Zomassi,https://beninwebtv.com/author/libence/,10 septembre 2024,"Le Maroc a arraché une victoire étriquée (1-0) face au Lesotho, ce lundi, dans le cadre de la deuxième journée des éliminatoires de la...",Afrique – Sport,https://i0.wp.com/beninwebtv.com/wp-content/uploads/2024/01/Maroc.webp?resize=696%2C490&ssl=1,https://beninwebtv.com/can-2025-q-le-maroc-simpose-difficilement-contre-le-lesotho/,Maroc
Maroc : les fortes pluies et les inondations font au moins 11 morts,Kevin Aka,https://beninwebtv.com/author/kevin/,9 septembre 2024,Au moins onze personnes ont perdu la vie et neuf autres sont portées disparues à la suite de violentes pluies qui ont frappé le...,Société,https://i0.wp.com/beninwebtv.com/wp-content/uploads/2024/09/Inondation-maroc.webp?resize=696%2C463&ssl=1,https://beninwebtv.com/maroc-les-fortes-pluies-et-les-inondations-font-au-moins-11-morts/,Maroc
"CAN 2025 (Q): le Maroc en force, le Sénégal accroché, tous les résultats du vendredi",Romaric Déguénon,https://beninwebtv.com/author/romaric/,7 septembre 2024,"Plusieurs matchs ont été disputés vendredi à travers les pelouses africaines, comptant pour la première journée des qualifications pour la CAN 2025. Découvrez les...",Afrique – Sport,https://i0.wp.com/beninwebtv.com/wp-content/uploads/2024/01/Mane.webp?resize=696%2C498&ssl=1,https://beninwebtv.com/can-2025-q-le-maroc-en-force-le-senegal-accroche-tous-les-resultats-du-vendredi/,Maroc
Banque Mondiale : le directeur régional inaugure son mandat au Maroc,Kevin Aka,https://beninwebtv.com/author/kevin/,31 août 2024,Le nouveau directeur régional de la Banque mondiale a insisté sur la nécessité de renforcer la coopération entre les pays du Maghreb afin de...,Société,https://i0.wp.com/beninwebtv.com/wp-content/uploads/2024/08/Ahmadou-Moustapha-Ndiaye.jpg?resize=696%2C348&ssl=1,https://beninwebtv.com/banque-mondiale-le-directeur-regional-inaugure-son-mandat-au-maroc/,Maroc
CAN 2025 (Q): la liste du Maroc contre le Gabon et le Lesotho,Romaric Déguénon,https://beninwebtv.com/author/romaric/,29 août 2024,"Le sélectionneur du Maroc, Walid Regragui, a dévoilé ce jeudi sa liste des joueurs retenus pour les rencontres face au Gabon et le Lesotho...",Afrique – Sport,https://i0.wp.com/beninwebtv.com/wp-content/uploads/2024/01/Maroc.webp?resize=696%2C490&ssl=1,https://beninwebtv.com/can-2025-q-la-liste-du-maroc-contre-le-gabon-et-le-lesotho/,Gabon
Maroc : 4 831 prisonniers libérés pour des délits liés au cannabis,Kevin Aka,https://beninwebtv.com/author/kevin/,20 août 2024,"Au Maroc, profitant de la grâce accordée par le roi Mohammed VI, 4 831 personnes condamnées, inculpées ou recherchées pour des affaires liées à...",Société,https://i0.wp.com/beninwebtv.com/wp-content/uploads/2021/11/Maroc-Mohammed-VI.jpg?resize=696%2C473&ssl=1,https://beninwebtv.com/maroc-4-831-prisonniers-liberes-pour-des-delits-lies-au-cannabis/,Maroc
La Côte d’Ivoire exige désormais un visa pour le Maroc,Kevin Aka,https://beninwebtv.com/author/kevin/,15 août 2024,"En Côte d'Ivoire, le gouvernement a récemment annoncé l'instauration d'un visa d'entrée pour les citoyens ivoiriens souhaitant se rendre au Maroc.
Cette décision, issue...",Diplomatie,https://i0.wp.com/beninwebtv.com/wp-content/uploads/2024/08/Passeport-de-la-Republique-de-Cote-dIvoire.jpg?resize=696%2C510&ssl=1,https://beninwebtv.com/la-cote-divoire-exige-desormais-un-visa-pour-le-maroc/,Côte d'Ivoire
Le Roi Mohammed VI invite officiellement Emmanuel Macron au Maroc,Casimir Vodjo,https://beninwebtv.com/author/benjamin/,31 juillet 2024,"Suite au soutien affirmé de la France à la souveraineté marocaine sur le Sahara, le Roi Mohammed VI a adressé une invitation officielle au...",Diplomatie,https://i0.wp.com/beninwebtv.com/wp-content/uploads/2024/07/Le-Roi-Mohammed-VI-et-Macron.webp?resize=696%2C389&ssl=1,https://beninwebtv.com/le-roi-mohammed-vi-invite-officiellement-emmanuel-macron-au-maroc/,Maroc
"JO 2024: France-Argentine, Maroc-USA, les affiches des quarts de finale",Romaric Déguénon,https://beninwebtv.com/author/romaric/,31 juillet 2024,"Avec les rencontres disputées mardi soir, comptant pour la troisième et dernière journée des phases de poule, on connait toutes les équipes qualifiées pour...",Football,https://i0.wp.com/beninwebtv.com/wp-content/uploads/2024/07/argentine.webp?resize=696%2C391&ssl=1,https://beninwebtv.com/jo-2024-france-argentine-maroc-usa-les-affiches-des-quarts-de-finale/,Égypte
"JO 2024: l’Argentine en quart de finale, le Maroc finit premier",Romaric Déguénon,https://beninwebtv.com/author/romaric/,30 juillet 2024,"L'Argentine a validé son ticket pour les quarts de finale du tournoi olympique de football après sa victoire face à l'Ukraine (2-0), ce mardi....",Football,https://i0.wp.com/beninwebtv.com/wp-content/uploads/2023/07/Maroc.webp?resize=696%2C464&ssl=1,https://beninwebtv.com/jo-2024-largentine-en-quart-de-finale-le-maroc-finit-premier/,Maroc
Maroc : le Roi Mohammed VI accorde la grâce royale à trois journalistes incarcérés,Kevin Aka,https://beninwebtv.com/author/kevin/,30 juillet 2024,Trois journalistes condamnés à de longues peines de prison pour avoir dénoncé la corruption et les abus de pouvoir au Maroc ont été libérés...,Société,https://i0.wp.com/beninwebtv.com/wp-content/uploads/2021/08/Le-roi-Mohamed-VI.jpg?resize=696%2C392&ssl=1,https://beninwebtv.com/maroc-le-roi-mohammed-vi-accorde-la-grace-royale-a-trois-journalistes-incarceres/,Maroc
"JO 2024: l’Ukraine punit le Maroc, l’Egypte se relance",Romaric Déguénon,https://beninwebtv.com/author/romaric/,27 juillet 2024,Le Maroc a retardé sa qualification pour les quarts de finale du tournoi de foot aux JO 2024 après sa défaite face à l'Ukraine...,Football,https://i0.wp.com/beninwebtv.com/wp-content/uploads/2023/07/Maroc.webp?resize=696%2C464&ssl=1,https://beninwebtv.com/jo-2024-lukraine-punit-le-maroc-legypte-se-relance/,Égypte
"JO Paris 2024: battue par le Maroc, l’Argentine se relance face à l’Irak",Romaric Déguénon,https://beninwebtv.com/author/romaric/,27 juillet 2024,"Battue par le Maroc en ouverture, l'Argentine a relancé son tournoi de foot aux JO Paris 2024 après sa victoire face à l'Irak (3-1),...",Football,https://i0.wp.com/beninwebtv.com/wp-content/uploads/2024/07/argentine.webp?resize=696%2C391&ssl=1,https://beninwebtv.com/jo-paris-2024-battue-par-le-maroc-largentine-se-relance-face-a-lirak/,Maroc
