title,author_name,author_url,publication_date,description,category,image_url,url,country,content_preview,extractor,lang,content,source
Bénin-lutte contre le changement climatique: 25 communes bénéficient du « Fonds vert pour le climat »,Aya N'goran,https://beninwebtv.com/author/aya/,11 octobre 2024,"Le mardi 8 octobre 2024, au Golden Tulip de Cotonou, le Ministre du Cadre de Vie et des Transports, chargé du Développement Durable, José...",Environnement,https://i0.wp.com/beninwebtv.com/wp-content/uploads/2024/10/Comunes-aynat-recu-le-fonds-vert-pour-le-climat.webp?resize=696%2C465&ssl=1,https://beninwebtv.com/benin-lutte-contre-le-changement-climatique-25-communes-beneficient-du-fonds-vert-pour-le-climat/,Bénin,,beninwebtv,fr,,
CAN 2025 (Q): Où suivre le match Bénin – Rwanda en direct ?,Leandro Zomassi,https://beninwebtv.com/author/libence/,11 octobre 2024,"Le match de la troisième journée du groupe D des éliminatoires de la CAN 2025, opposant le Bénin au Rwanda, sera à suivre sur...",Afrique – Sport,https://i0.wp.com/beninwebtv.com/wp-content/uploads/2024/09/images-_1_.webp?resize=696%2C453&ssl=1,https://beninwebtv.com/can-2025-q-ou-suivre-le-match-benin-rwanda-en-direct/,Bénin,,beninwebtv,fr,,
"CAN 2025 (Q): le Bénin affronte le Rwanda ce vendredi, le programme complet",Leandro Zomassi,https://beninwebtv.com/author/libence/,11 octobre 2024,"Ce vendredi 11 octobre, plusieurs matchs importants comptant pour la troisième journée des éliminatoires de la CAN 2025 ont lieu, avec notamment la confrontation...",Afrique – Sport,https://i0.wp.com/beninwebtv.com/wp-content/uploads/2024/06/mounie.webp?resize=696%2C457&ssl=1,https://beninwebtv.com/can-2025-q-le-benin-affronte-le-rwanda-ce-vendredi-le-programme-complet/,Bénin,,beninwebtv,fr,,
"Bénin: dégradation du pont de Wessi à Tchaourou, suite à une forte pluie",Aya N'goran,https://beninwebtv.com/author/aya/,11 octobre 2024,Les usagers de la route reliant Parakou à Djougou pourraient se voir interdire l'accès à ce tronçon en raison de la dégradation d'un ouvrage...,Société,https://i0.wp.com/beninwebtv.com/wp-content/uploads/2024/10/Pont-degrade-de-Wessi.webp?resize=696%2C521&ssl=1,https://beninwebtv.com/benin-degradation-du-pont-de-wessi-a-tchaourou-suite-a-une-forte-pluie/,Bénin,,beninwebtv,fr,,
"BAD : le Bénin offre 1,20 milliard de FCFA au Fonds africain de développement",Ousmane Traoré Samba,https://beninwebtv.com/author/2250143010806/,11 octobre 2024,"Cotonou abrite depuis le mardi 8 octobre 2024, la 16ème « Revue à mi-parcours du Fonds africain de développement ». Réunis dans la ville économique du Bénin...",Economie,https://i0.wp.com/beninwebtv.com/wp-content/uploads/2024/10/President-du-Groupe-de-la-Banque-africaine-de-developpement-et-president-des-Conseils-dadministration-Akinwumi-Adesina.webp?resize=696%2C464&ssl=1,https://beninwebtv.com/bad-le-benin-offre-120-milliard-de-fcfa-au-fonds-africain-de-developpement/,Bénin,,beninwebtv,fr,,
Bénin-démantèlement d’un réseau de vol et de recel de motos: 04 personnes interpellées à Djougou,Aya N'goran,https://beninwebtv.com/author/aya/,11 octobre 2024,La recrudescence des vols de motos sur son territoire a conduit le commissariat du 3ème arrondissement de Djougou à ouvrir une enquête. Grâce à l'efficacité...,Société,https://i0.wp.com/beninwebtv.com/wp-content/uploads/2023/03/Vehicule-de-la-police-republicaine-1.jpg?resize=696%2C397&ssl=1,https://beninwebtv.com/benin-demantelement-dun-reseau-de-vol-et-de-recel-de-motos-04-personnes-interpellees-a-djougou/,Bénin,,beninwebtv,fr,,
Bénin: le journaliste Eric Sounouvi inhumé le samedi prochain,Edouard Djogbénou,https://beninwebtv.com/author/edouard/,11 octobre 2024,"Décédé le 25 juin dernier en Allemagne à l'âge de 49 ans, les obsèques du journaliste béninois Éric Sounouvi auront lieu le samedi 12...",Société,https://i0.wp.com/beninwebtv.com/wp-content/uploads/2021/07/candle-2038736-1280.jpg?resize=696%2C464&ssl=1,https://beninwebtv.com/benin-le-journaliste-eric-sounouvi-inhume-le-samedi-prochain/,Bénin,,beninwebtv,fr,,
Bénin: Djogbénou et Bio Tchané renforcent davantage l’axe UPR-BR,Edouard Djogbénou,https://beninwebtv.com/author/edouard/,11 octobre 2024,Les deux grands blocs politiques de la mouvance à savoir le parti Union progressiste le renouveau et le parti Bloc Républicain ont scellé un...,Politique,https://i0.wp.com/beninwebtv.com/wp-content/uploads/2023/05/Joseph-Djogbenou-et-Abdoulaye-Bio-Tchane-1.jpg?resize=696%2C374&ssl=1,https://beninwebtv.com/benin-djogbenou-et-bio-tchane-renforcent-davantage-laxe-upr-br/,Bénin,,beninwebtv,fr,,
Bénin: le Syntrasesh en tête des résultats des élections professionnelles au MS,Edouard Djogbénou,https://beninwebtv.com/author/edouard/,11 octobre 2024,"Les grandes tendances des élections professionnelles au ministère de la Santé (MS) sont désormais accessibles. D'après ces premières tendances, le Syndicat National des...",Société,https://i0.wp.com/beninwebtv.com/wp-content/uploads/2021/05/Pr-Benjamin-HOUNKPATIN.jpg?resize=696%2C392&ssl=1,https://beninwebtv.com/benin-le-syntrasesh-en-tete-des-resultats-des-elections-professionnelles-au-ms/,Bénin,,beninwebtv,fr,,
"Bénin: 7 individus, présumés membres d’un réseau de vol de motos arrêtés à Ouidah",Edouard Djogbénou,https://beninwebtv.com/author/edouard/,11 octobre 2024,Le commissariat du 4è arrondissement de Ouidah a mené une opération réussie le 08 Octobre 2024 contre un réseau de vol de motos. L'opération...,Société,https://i0.wp.com/beninwebtv.com/wp-content/uploads/2021/05/Police-republicaine-2.jpg?resize=696%2C392&ssl=1,https://beninwebtv.com/benin-7-individus-presumes-membres-dun-reseau-de-vol-de-motos-arretes-a-ouidah/,Bénin,,beninwebtv,fr,,
"CAN 2025 (Q) : L’Algérie domine le Togo, le Burkina Faso renverse le Burundi",Leandro Zomassi,https://beninwebtv.com/author/libence/,11 octobre 2024,"La troisième journée des éliminatoires de la CAN 2025 s'est poursuivie avec des rencontres décisives ce jeudi soir. À Annaba, l'Algérie a surclassé le...",Afrique – Sport,https://i0.wp.com/beninwebtv.com/wp-content/uploads/2024/06/can-2.webp?resize=696%2C432&ssl=1,https://beninwebtv.com/can-2025-q-lalgerie-domine-le-togo-le-burkina-faso-renverse-le-burundi/,Algérie,,beninwebtv,fr,,
Burkina Faso: Ibrahim Traoré annonce le retrait des permis d’exploitation aux multinationales minières,Kevin Aka,https://beninwebtv.com/author/kevin/,10 octobre 2024,"Lors d'une intervention sur la radio publique RTB dimanche, le capitaine Ibrahim Traoré a annoncé qu'il procédait au retrait des permis d'exploitation accordés aux...",Société,https://i0.wp.com/beninwebtv.com/wp-content/uploads/2024/02/exploration-miniere.webp?resize=696%2C391&ssl=1,https://beninwebtv.com/burkina-faso-ibrahim-traore-annonce-le-retrait-des-permis-dexploitation-aux-multinationales-minieres/,Burkina Faso,,beninwebtv,fr,,
"Au Burkina Faso, IB et la hantise des vieux démons",Ange Banouwin,https://beninwebtv.com/author/banouwin/,9 octobre 2024,"Arrivé au pouvoir le 30 septembre 2022 au Burkina Faso,  depuis lors, le pays va au rythme d’une hantise. L’avènement du capitaine Ibrahim Traoré (IB)...",Analyse et Décryptage,https://i0.wp.com/beninwebtv.com/wp-content/uploads/2023/02/Ibrahim-Traore.jpg?resize=696%2C594&ssl=1,https://beninwebtv.com/au-burkina-faso-ib-et-la-hantise-des-vieux-demons/,Burkina Faso,,beninwebtv,fr,,
Échanges commerciaux Burkina-Russie : Kyélem de Tambèla appelle à un système financier indépendant,Kevin Aka,https://beninwebtv.com/author/kevin/,8 octobre 2024,"Le Premier ministre burkinabè, Apollinaire Joachim Kyélem de Tambèla, a exprimé la volonté des autorités du Burkina Faso d'établir un système indépendant pour faciliter...",Economie,https://i0.wp.com/beninwebtv.com/wp-content/uploads/2023/05/Appolinaire-Kyelem-de-Tambela.jpg?resize=696%2C392&ssl=1,https://beninwebtv.com/echanges-commerciaux-burkina-russie-kyelem-de-tambela-appelle-a-un-systeme-financier-independant/,Burkina Faso,,beninwebtv,fr,,
Tensions diplomatiques : le Burkina Faso rappelle tous ses ambassadeurs en Côte d’Ivoire,Kevin Aka,https://beninwebtv.com/author/kevin/,8 octobre 2024,"Au Burkina Faso, le gouvernement a rappelé tous ses ambassadeurs en poste en Côte d'Ivoire. Selon Jeune Afrique, cette décision n’a pas encore été...",Diplomatie,https://i0.wp.com/beninwebtv.com/wp-content/uploads/2023/07/Ibrahim-Traore.jpg?resize=696%2C491&ssl=1,https://beninwebtv.com/tensions-diplomatiques-le-burkina-faso-rappelle-tous-ses-ambassadeurs-en-cote-divoire/,Burkina Faso,,beninwebtv,fr,,
Le Burkina Faso s’ouvre à la Russie lors des Journées Économiques 2024,Kevin Aka,https://beninwebtv.com/author/kevin/,8 octobre 2024,"Le Burkina Faso pose ses valises à Moscou pour les Journées Économiques du Burkina (JEB) 2024. Cet événement majeur, qui se tiendra jusqu'au 11...",Diplomatie,https://i0.wp.com/beninwebtv.com/wp-content/uploads/2024/10/Moscou.jpg?resize=696%2C348&ssl=1,https://beninwebtv.com/le-burkina-faso-souvre-a-la-russie-lors-des-journees-economiques-2024/,Burkina Faso,,beninwebtv,fr,,
Burkina Faso : le CSC suspend la VOA pour 03 mois suite à des manquements graves,Kevin Aka,https://beninwebtv.com/author/kevin/,8 octobre 2024,"Le Conseil supérieur de la Communication (CSC) du Burkina Faso a annoncé, ce lundi, la suspension des programmes de la Voix de l'Amérique (Voice...",Société,https://i0.wp.com/beninwebtv.com/wp-content/uploads/2024/10/Conseil-superieur-de-la-Communication-CSC.jpg?resize=696%2C348&ssl=1,https://beninwebtv.com/burkina-faso-le-csc-suspend-la-voa-pour-03-mois-suite-a-des-manquements-graves/,Burkina Faso,,beninwebtv,fr,,
Burkina Faso – Extradition de Paul Henri Damiba: Ibrahim Traoré intensifie les négociations avec Lomé,Kevin Aka,https://beninwebtv.com/author/kevin/,5 octobre 2024,"L'ancien président Paul Henri Damiba pourrait bientôt être extradé vers le Burkina Faso. Le capitaine Ibrahim Traoré, actuel dirigeant du pays, a entamé des...",Politique,https://i0.wp.com/beninwebtv.com/wp-content/uploads/2022/09/Paul-Henri-Damiba.jpg?resize=696%2C464&ssl=1,https://beninwebtv.com/burkina-faso-extradition-de-paul-henri-damiba-ibrahim-traore-intensifie-les-negociations-avec-lome/,Burkina Faso,,beninwebtv,fr,,
Burkina Faso : trois officiers radiés pour absence injustifiée,Kevin Aka,https://beninwebtv.com/author/kevin/,5 octobre 2024,"Au Burkina Faso, trois hauts responsables des Forces armées nationales ont été exclus des rangs de l'armée en raison d'une absence non autorisée de...",Sécurité,https://i0.wp.com/beninwebtv.com/wp-content/uploads/2021/06/Soldats-burkinabe-1.jpg?resize=696%2C464&ssl=1,https://beninwebtv.com/burkina-faso-trois-officiers-radies-pour-absence-injustifiee/,Burkina Faso,,beninwebtv,fr,,
"CEDEAO: Nana Akufo-Addo plaide pour la réintégration du Burkina, du Niger et du Mali",Leandro Zomassi,https://beninwebtv.com/author/libence/,5 octobre 2024,"Le président ghanéen Nana Akufo-Addo a profité de sa présence au 19e Sommet de la Francophonie, qui s'est ouvert ce vendredi 4 octobre à...",Politique,https://i0.wp.com/beninwebtv.com/wp-content/uploads/2024/10/Nana-Akufo-Addo-le-president-du-Ghana.webp?resize=696%2C464&ssl=1,https://beninwebtv.com/cedeao-nana-akufo-addo-plaide-pour-la-reintegration-du-burkina-du-niger-et-du-mali/,Burkina Faso,,beninwebtv,fr,,
Côte d’Ivoire: Adama Bictogo rencontre le Président du Cap-Vert,Kevin Aka,https://beninwebtv.com/author/kevin/,14 juin 2024,"Le jeudi 13 juin 2024, le président de la République du Cap-Vert, Dr José Maria Pereira Neves, a accueilli au palais présidentiel le président...",Diplomatie,https://i0.wp.com/beninwebtv.com/wp-content/uploads/2024/06/Adama-Bictogo-et-Dr-Jose-Maria-Pereira-Neves.jpg?resize=696%2C348&ssl=1,https://beninwebtv.com/cote-divoire-adama-bictogo-rencontre-le-president-du-cap-vert/,Cap-Vert,,beninwebtv,fr,,
Mondial 2026 (Q): le Cameroun écrase le Cap-Vert,Romaric Déguénon,https://beninwebtv.com/author/romaric/,8 juin 2024,"Le Cameroun a pris la tête de la poule D après sa victoire écrasante face au Cap-Vert (4-1) ce samedi, à l'occasion de la...",Football,https://i0.wp.com/beninwebtv.com/wp-content/uploads/2024/05/cameroun-1.webp?resize=696%2C464&ssl=1,https://beninwebtv.com/mondial-2026-q-le-cameroun-ecrase-le-cap-vert/,Cameroun,,beninwebtv,fr,,
Cameroun-Cap-Vert: les compos officielles,Romaric Déguénon,https://beninwebtv.com/author/romaric/,8 juin 2024,Le Cameroun reçoit le Cap-Vert ce samedi après-midi pour le compte des éliminatoires de la Coupe du monde 2026. Les compos officielles à découvrir....,Football,https://i0.wp.com/beninwebtv.com/wp-content/uploads/2024/01/Andre_Onana.webp?resize=696%2C392&ssl=1,https://beninwebtv.com/cameroun-cap-vert-les-compos-officielles/,Cameroun,,beninwebtv,fr,,
"«Nous sommes apolitiques et le staff et les joueurs», Marc Brys avant Cameroun-Cap-Vert",Romaric Déguénon,https://beninwebtv.com/author/romaric/,8 juin 2024,"En conférence de presse vendredi, Marc Brys s'est exprimé sur le match Cameroun-Cap-Vert ce samedi, comptant pour la 3è journée des éliminatoires de la...",Football,https://i0.wp.com/beninwebtv.com/wp-content/uploads/2024/05/marc-vseto-1024x577-1.webp?resize=696%2C392&ssl=1,https://beninwebtv.com/nous-sommes-apolitiques-et-le-staff-et-les-joueurs-marc-brys-avant-cameroun-cap-vert/,Cameroun,,beninwebtv,fr,,
"Cap-Vert: avec Bébé, la liste des Requins Bleus contre le Cameroun et la Libye",Romaric Déguénon,https://beninwebtv.com/author/romaric/,23 mai 2024,"La Fédération Cap-verdienne de Football a annoncé ce jeudi 23 mai, la liste officielle des joueurs retenus pour affronter le Cameroun et la Libye...",Football,https://i0.wp.com/beninwebtv.com/wp-content/uploads/2024/05/bebe-1.webp?resize=696%2C371&ssl=1,https://beninwebtv.com/cap-vert-avec-bebe-la-liste-des-requins-bleus-contre-le-cameroun-et-la-libye/,Cap-Vert,,beninwebtv,fr,,
"Tournoi FIFA Series: le Cap-Vert s’offre le Guyana, l’Afrique du Sud accroché",Romaric Déguénon,https://beninwebtv.com/author/romaric/,22 mars 2024,"Le Cap-Vert a disposé du Guyana (1-0) en amical, jeudi en Arabie Saoudite, pour sa premier match du tournoi FIFA Series. En Algérie, l'Afrique...",Football,https://i0.wp.com/beninwebtv.com/wp-content/uploads/2024/01/centrafrique-cap-vert.webp?resize=696%2C392&ssl=1,https://beninwebtv.com/tournoi-fifa-series-le-cap-vert-soffre-le-guyana-lafrique-du-sud-accroche/,Afrique du Sud,,beninwebtv,fr,,
"CAN 2023: l’Afrique du Sud, dernière qualifiée pour les demi-finales",Romaric Déguénon,https://beninwebtv.com/author/romaric/,4 février 2024,L'Afrique du Sud a composté le dernier billet qualificatif pour les demi-finales de la CAN 2023 après sa victoire face au Cap-Vert aux tirs...,Afrique – Sport,https://i0.wp.com/beninwebtv.com/wp-content/uploads/2023/10/FA-1.webp?resize=696%2C433&ssl=1,https://beninwebtv.com/can-2023-lafrique-du-sud-derniere-qualifiee-pour-les-demi-finales/,Afrique du Sud,,beninwebtv,fr,,
CAN 2023: bonne nouvelle pour le Cap-Vert avant le choc contre l’Afrique du Sud,Romaric Déguénon,https://beninwebtv.com/author/romaric/,3 février 2024,"Le Cap-Vert a signé le retour de ses cadres Ryan Mendes et Steven Moreira, blessés à l'entrainement, alors que les Requins Bleus affrontent l'Afrique...",Afrique – Sport,https://i0.wp.com/beninwebtv.com/wp-content/uploads/2024/01/centrafrique-cap-vert.webp?resize=696%2C392&ssl=1,https://beninwebtv.com/can-2023-bonne-nouvelle-pour-le-cap-vert-avant-le-choc-contre-lafrique-du-sud/,Cap-Vert,,beninwebtv,fr,,
CAN 2023: le Cap-Vert surclasse la Mauritanie et file en quart de finale,Romaric Déguénon,https://beninwebtv.com/author/romaric/,29 janvier 2024,Le Cap-Vert a validé son ticket pour les quarts de finale de la CAN 2023 après sa victoire face à la Mauritanie (1-0) ce...,Afrique – Sport,https://i0.wp.com/beninwebtv.com/wp-content/uploads/2024/01/centrafrique-cap-vert.webp?resize=696%2C392&ssl=1,https://beninwebtv.com/can-2023-le-cap-vert-surclasse-la-mauritanie-et-file-en-quart-de-finale/,Cap-Vert,,beninwebtv,fr,,
"CAN 2023: avec Bebé, les compos officielles de Cap-Vert vs Mauritanie",Romaric Déguénon,https://beninwebtv.com/author/romaric/,29 janvier 2024,"Découvrez les compos officielles du match Cap-Vert vs Mauritanie ce lundi soir (18 heures, GMT+1) au stade Le Félicia, comptant pour les huitièmes de...",Afrique – Sport,https://i0.wp.com/beninwebtv.com/wp-content/uploads/2024/01/centrafrique-cap-vert.webp?resize=696%2C392&ssl=1,https://beninwebtv.com/can-2023-avec-bebe-les-compos-officielles-de-cap-vert-vs-mauritanie/,Cap-Vert,,beninwebtv,fr,,
"Côte d’Ivoire : le leader de la FESCI, Kambou Sié enlevé par des hommes cagoulés",Kevin Aka,https://beninwebtv.com/author/kevin/,11 octobre 2024,"En Côte d'Ivoire, Kambou Sié a été enlevé par des hommes cagoulés alors qu'il se trouvait à la MACA. Accusé d'implication présumée dans un...",Société,https://i0.wp.com/beninwebtv.com/wp-content/uploads/2024/10/Kambou-Sie.jpg?resize=696%2C348&ssl=1,https://beninwebtv.com/cote-divoire-le-leader-de-la-fesci-kambou-sie-enleve-par-des-hommes-cagoules/,Côte d'Ivoire,,beninwebtv,fr,,
"Côte d’Ivoire : 02 tragédies sur des chantiers à Yopougon et Attingué, le ministère de la Construction réagit",Kevin Aka,https://beninwebtv.com/author/kevin/,11 octobre 2024,"Les 8 et 9 octobre 2024, la commune de Yopougon et le village d’Attingué ont été le théâtre de deux graves accidents de construction....",Société,https://i0.wp.com/beninwebtv.com/wp-content/uploads/2022/04/Societe-1.png?resize=696%2C398&ssl=1,https://beninwebtv.com/cote-divoire-02-tragedies-sur-des-chantiers-a-yopougon-et-attingue-le-ministere-de-la-construction-reagit/,Côte d'Ivoire,,beninwebtv,fr,,
"« Je ne décroche plus d’appels après 20h », les résolutions de Kerozen après son mariage",Angèle M. ADANLE,https://beninwebtv.com/author/angele/,10 octobre 2024,"Quelques jours après son mariage, le chanteur ivoirien Kerozen a fait des révélations sur sa vie de couple lors de son passage sur une...",Célébrité,https://i0.wp.com/beninwebtv.com/wp-content/uploads/2023/05/Kerozen-DJ.jpg?resize=696%2C545&ssl=1,https://beninwebtv.com/je-ne-decroche-plus-dappels-apres-20h-les-resolutions-de-kerozen-apres-son-mariage/,Côte d'Ivoire,,beninwebtv,fr,,
Bonne nouvelle pour Kerozen : le chanteur reçoit un cadeau de mariage de 95 millions de FCFA,Angèle M. ADANLE,https://beninwebtv.com/author/angele/,10 octobre 2024,"Dans le cadre de son mariage largement médiatisé, le chanteur Kerozen a reçu un somptueux cadeau d'une valeur de 95 millions de FCFA, offert...",Célébrité,https://i0.wp.com/beninwebtv.com/wp-content/uploads/2024/09/Mariage-de-Kerozen-et-Bintou.webp?resize=696%2C335&ssl=1,https://beninwebtv.com/bonne-nouvelle-pour-kerozen-le-chanteur-recoit-un-cadeau-de-mariage-de-95-millions-de-fcfa/,Côte d'Ivoire,,beninwebtv,fr,,
"Côte d’Ivoire : un étudiant interpellé avec une grenade, la Fesci dans le viseur",Kevin Aka,https://beninwebtv.com/author/kevin/,10 octobre 2024,"À la suite de l'arrestation de Kambou Sié et de ses complices le 1er octobre 2024 par la brigade de recherche, un avis de...",Société,https://i0.wp.com/beninwebtv.com/wp-content/uploads/2022/04/Societe-1.png?resize=696%2C398&ssl=1,https://beninwebtv.com/cote-divoire-un-etudiant-interpelle-avec-une-grenade-la-fesci-dans-le-viseur/,Côte d'Ivoire,,beninwebtv,fr,,
Côte d’Ivoire – Réinscription de Gbagbo sur la liste électorale: la CEI pose deux conditions,Kevin Aka,https://beninwebtv.com/author/kevin/,10 octobre 2024,"En Côte d’Ivoire, la réinscription de Laurent Gbagbo, ancien président et candidat désigné du Parti des peuples africains-Côte d’Ivoire (PPA-CI) pour l'élection présidentielle de...",Politique,https://i0.wp.com/beninwebtv.com/wp-content/uploads/2024/05/Laurent-Gbagbo.jpg?resize=696%2C348&ssl=1,https://beninwebtv.com/cote-divoire-reinscription-de-gbagbo-sur-la-liste-electorale-la-cei-pose-deux-conditions/,Côte d'Ivoire,,beninwebtv,fr,,
Côte d’Ivoire : Debordo Leekunfa revient sur le succès viral de « Viviane »,Kevin Aka,https://beninwebtv.com/author/kevin/,10 octobre 2024,"Le tube ""Viviane"" de l'artiste camerounais, ne cesse de faire parler de lui. Récemment, Debordo Leekunfa, s'est confié à Serge Pacôme Didi sur les...",Musiques,https://i0.wp.com/beninwebtv.com/wp-content/uploads/2021/01/debordo-ok-1200x675-1.png?resize=696%2C392&ssl=1,https://beninwebtv.com/cote-divoire-debordo-leekunfa-revient-sur-le-succes-viral-de-viviane/,Côte d'Ivoire,,beninwebtv,fr,,
Côte d’Ivoire – Menace de grève des enseignants du primaire : Guillaume Soro réagit,Kevin Aka,https://beninwebtv.com/author/kevin/,9 octobre 2024,"En Côte d'Ivoire, alors qu’un préavis de grève a été déposé par les syndicats pour une suspension des cours de 72 heures, l’ancien Premier...",Education,https://i0.wp.com/beninwebtv.com/wp-content/uploads/2022/01/Guillaume-Soro-Ph-La-croix-1.jpg?resize=696%2C464&ssl=1,https://beninwebtv.com/cote-divoire-menace-de-greve-des-enseignants-du-primaire-guillaume-soro-reagit/,Côte d'Ivoire,,beninwebtv,fr,,
Côte d’Ivoire: KS bloom présente son nouvel album “KDO”,Kevin Aka,https://beninwebtv.com/author/kevin/,9 octobre 2024,"En Côte d'Ivoire, le chanteur KS Bloom a dévoilé son nouvel album intitulé ""KDO"" ce mardi 8 octobre 2024 lors d’une soirée de lancement...",Musiques,https://i0.wp.com/beninwebtv.com/wp-content/uploads/2022/05/KS-Bloom-au-Cameroun.jpg?resize=696%2C414&ssl=1,https://beninwebtv.com/cote-divoire-ks-bloom-presente-son-nouvel-album-kdo/,Côte d'Ivoire,,beninwebtv,fr,,
CAN 2023: voici pourquoi Vegedream n’a pas chanté pour les Éléphants de la Côte d’Ivoire,Angèle M. ADANLE,https://beninwebtv.com/author/angele/,8 octobre 2024,"Le chanteur ivoirien Vegedream a dévoilé les raisons pour lesquelles, il n'a pas composé de chanson pour l’équipe nationale de football ivoirienne lors de...",Showbiz,https://i0.wp.com/beninwebtv.com/wp-content/uploads/2024/10/Vegedream.jpg?resize=696%2C365&ssl=1,https://beninwebtv.com/can-2023-voici-pourquoi-vegedream-na-pas-chante-pour-les-elephants-de-la-cote-divoire/,Côte d'Ivoire,,beninwebtv,fr,,
Sénégal : visite du Chef d’État-Major de l’armée gambienne,Kevin Aka,https://beninwebtv.com/author/kevin/,25 septembre 2024,"Depuis le mardi 24 septembre, le Général Mamath Cham, Chef d'État-Major Général des Forces Armées Gambiennes, est au Sénégal afin de renforcer la coopération...",Diplomatie,https://i0.wp.com/beninwebtv.com/wp-content/uploads/2024/09/Le-General-Mamath-Cham-et-le-General-Mbaye-Cisse.jpg?resize=696%2C348&ssl=1,https://beninwebtv.com/senegal-visite-du-chef-detat-major-de-larmee-gambienne/,Gambie,,beninwebtv,fr,,
"CAN 2025 (Q): Comores, Gambie, Rwanda, le programme de ce mercredi",Romaric Déguénon,https://beninwebtv.com/author/romaric/,4 septembre 2024,"Plusieurs matchs sont au programme ce mercredi à travers l'Afrique, comptant pour la première journée des éliminatoires de la CAN 2025. Découvrez les affiches...",Afrique – Sport,https://i0.wp.com/beninwebtv.com/wp-content/uploads/2024/03/Rwanda.webp?resize=696%2C464&ssl=1,https://beninwebtv.com/can-2025-q-comores-gambie-rwanda-le-programme-de-ce-mercredi/,Gambie,,beninwebtv,fr,,
"Gambie : arrestation de Bora Colley, ancien général sous le régime de Yahya Jammeh",Kevin Aka,https://beninwebtv.com/author/kevin/,14 août 2024,"En Gambie, l'armée a annoncé l'arrestation de l'ex-général de brigade Bora Colley, suspecté d'être membre d'un escadron de la mort sous l'ancien président exilé...",Société,https://i0.wp.com/beninwebtv.com/wp-content/uploads/2024/08/Le-general-Bora-Colley.jpg?resize=696%2C348&ssl=1,https://beninwebtv.com/gambie-arrestation-de-bora-colley-ancien-general-sous-le-regime-de-yahya-jammeh/,Gambie,,beninwebtv,fr,,
Sénégal: Bassirou Diomaye Faye reçoit le vice-président gambien Mohammed B.S. Jallow,Kevin Aka,https://beninwebtv.com/author/kevin/,6 août 2024,"Le Président sénégalais Diomaye Faye a accueilli, le lundi 5 août 2024, le vice-président gambien, Mohammed B.S. Jallow, en visite de travail dans le...",Politique,https://i0.wp.com/beninwebtv.com/wp-content/uploads/2024/08/Bassirou-Diomaye-Faye-et-Mohammed-B.S.-Jallow.jpg?resize=696%2C464&ssl=1,https://beninwebtv.com/senegal-bassirou-diomaye-faye-recoit-le-vice-president-gambien-mohammed-b-s-jallow/,Gambie,,beninwebtv,fr,,
Gambie : les députés rejettent la réintroduction des excisions,Casimir Vodjo,https://beninwebtv.com/author/benjamin/,16 juillet 2024,Les députés gambiens ont rejeté lundi un projet de loi visant à lever l'interdiction de l'excision. Cette décision a été saluée par les militants...,Politique,https://i0.wp.com/beninwebtv.com/wp-content/uploads/2024/07/excision-1.webp?resize=696%2C464&ssl=1,https://beninwebtv.com/gambie-les-deputes-rejettent-la-reintroduction-des-excisions/,Gambie,,beninwebtv,fr,,
CDM 2026 (Q): la Gambie cartonne les Seychelles et se relance,Romaric Déguénon,https://beninwebtv.com/author/romaric/,8 juin 2024,"La Gambie a facilement disposé des Seychelles (5-1) ce samedi soir, lors de la troisième journée des éliminatoires de la Coupe du Monde 2026....",Football,https://i0.wp.com/beninwebtv.com/wp-content/uploads/2024/01/Gambie-1.webp?resize=696%2C464&ssl=1,https://beninwebtv.com/cdm-2026-q-la-gambie-cartonne-les-seychelles-et-se-relance/,Gambie,,beninwebtv,fr,,
La Gambie autorise temporairement l’entrée du ciment sénégalais,Casimir Vodjo,https://beninwebtv.com/author/benjamin/,8 juin 2024,Le gouvernement gambien a annoncé la réouverture temporaire de la frontière avec le Sénégal pour permettre la livraison de ciment bloqué depuis plusieurs semaines....,Diplomatie,https://i0.wp.com/beninwebtv.com/wp-content/uploads/2021/11/Adama-Barrow.jpg?resize=696%2C463&ssl=1,https://beninwebtv.com/la-gambie-autorise-temporairement-lentree-du-ciment-senegalais/,Gambie,,beninwebtv,fr,,
"Mondial 2026 (Q): Cameroun, Cap-Vert, Gambie, le programme de ce samedi",Romaric Déguénon,https://beninwebtv.com/author/romaric/,8 juin 2024,"Découvrez les matchs au programme ce samedi à travers l'Afrique, comptant pour la troisième journée des éliminatoires de la Coupe du monde 2026. Deux matchs...",Football,https://i0.wp.com/beninwebtv.com/wp-content/uploads/2024/05/cameroun-1.webp?resize=696%2C464&ssl=1,https://beninwebtv.com/mondial-2026-q-cameroun-cap-vert-gambie-le-programme-de-ce-samedi/,Cameroun,,beninwebtv,fr,,
Gambie : l’ancien ministre Ousman Sonko écope de 20 ans de prison en Suisse,Casimir Vodjo,https://beninwebtv.com/author/benjamin/,15 mai 2024,"L'ancien ministre de l'Intérieur gambien, Ousman Sonko, est condamné à une peine de 20 ans de prison par un tribunal suisse pour crimes contre...",Politique,https://i0.wp.com/beninwebtv.com/wp-content/uploads/2022/02/Justice.jpeg?resize=696%2C392&ssl=1,https://beninwebtv.com/gambie-lancien-ministre-ousman-sonko-ecope-de-20-ans-de-prison-en-suisse/,Gambie,,beninwebtv,fr,,
Gambie: 88 candidats pour le poste de sélectionneur national,Romaric Déguénon,https://beninwebtv.com/author/romaric/,25 mars 2024,88 candidats ont postulé pour le poste de sélectionneur national de la Gambie. Une dizaine d'entraineurs locaux sont dans le lot. Sans sélectionneur national depuis...,Afrique – Sport,https://i0.wp.com/beninwebtv.com/wp-content/uploads/2024/01/Gambie-1.webp?resize=696%2C464&ssl=1,https://beninwebtv.com/gambie-88-candidats-pour-le-poste-de-selectionneur-national/,Gambie,,beninwebtv,fr,,
"CAN 2025 (Q)-Ghana: « Nous devons battre le Soudan pour garder nos chances », Otto Addo",Romaric Déguénon,https://beninwebtv.com/author/romaric/,11 octobre 2024,"Le sélectionneur du Ghana, Otto Addo, a souligné l'importance d'assurer une victoire contre le Soudan pour garder en vie ses espoirs de qualification pour...",Afrique – Sport,https://i0.wp.com/beninwebtv.com/wp-content/uploads/2024/01/Le-selectionneur-des-Black-Stars-du-Ghana-Otto-Addo.webp?resize=696%2C391&ssl=1,https://beninwebtv.com/can-2025-q-ghana-nous-devons-battre-le-soudan-pour-garder-nos-chances-otto-addo/,Ghana,,beninwebtv,fr,,
"CAN 2025 (Q): le Ghana accroché, la RDC enchaine",Romaric Déguénon,https://beninwebtv.com/author/romaric/,10 octobre 2024,"Le Ghana a essuyé une nouvelle contre-performance après son match nul face au Soudan (0-0) ce jeudi, en éliminatoire de la CAN 2025. A...",Afrique – Sport,https://i0.wp.com/beninwebtv.com/wp-content/uploads/2024/06/sabc-1.webp?resize=696%2C391&ssl=1,https://beninwebtv.com/can-2025-q-le-ghana-accroche-la-rdc-enchaine/,Ghana,,beninwebtv,fr,,
"CAN 2025 (Q): Ghana-Soudan, Algérie-Togo, le programme de ce jeudi",Romaric Déguénon,https://beninwebtv.com/author/romaric/,10 octobre 2024,"Découvrez les affiches au programme ce jeudi à travers l'Afrique, comptant pour la troisième journée des éliminatoires de la CAN 2025. La troisième journée des...",Afrique – Sport,https://i0.wp.com/beninwebtv.com/wp-content/uploads/2024/06/can-2.webp?resize=696%2C432&ssl=1,https://beninwebtv.com/can-2025-q-ghana-soudan-algerie-togo-le-programme-de-ce-jeudi/,Ghana,,beninwebtv,fr,,
"UFOA B U20 2024: Togo-Niger, Ghana-Bénin, le programme complet du tournoi",Romaric Déguénon,https://beninwebtv.com/author/romaric/,8 octobre 2024,"On connait désormais le calendrier complet de la phase finale du tournoi UFOA B U20 2024, qualificatif pour la CAN de la catégorie. Le tournoi...",Afrique – Sport,https://i0.wp.com/beninwebtv.com/wp-content/uploads/2024/02/Guepards-U20.webp?resize=696%2C460&ssl=1,https://beninwebtv.com/ufoa-b-u20-2024-togo-niger-ghana-benin-le-programme-complet-du-tournoi/,Bénin,,beninwebtv,fr,,
Ghana-Soudan: Kwesi Appiah a fait son choix,Romaric Déguénon,https://beninwebtv.com/author/romaric/,8 octobre 2024,Sommé par la CAF de choisir entre son poste de sélectionneur de l’équipe nationale du Soudan et membre du conseil exécutif de la Fédération...,Afrique – Sport,https://i0.wp.com/beninwebtv.com/wp-content/uploads/2023/10/Kwesi-Appiah_-nouveau-selectionneur-du-Soudan.webp?resize=696%2C522&ssl=1,https://beninwebtv.com/ghana-soudan-kwesi-appiah-a-fait-son-choix/,Ghana,,beninwebtv,fr,,
CAF: Kwesi Appiah sommé de choisir entre ses deux fonctions avant Ghana-Soudan,Romaric Déguénon,https://beninwebtv.com/author/romaric/,7 octobre 2024,"La Confédération africaine de football (CAF) a exigé que Kwesi Appiah, sélectionneur de l’équipe nationale du Soudan et membre du conseil exécutif de la...",Afrique – Sport,https://i0.wp.com/beninwebtv.com/wp-content/uploads/2023/10/Kwesi-Appiah_-nouveau-selectionneur-du-Soudan.webp?resize=696%2C522&ssl=1,https://beninwebtv.com/caf-kwesi-appiah-somme-de-choisir-entre-ses-deux-fonctions-avant-ghana-soudan/,Ghana,,beninwebtv,fr,,
"CEDEAO: Nana Akufo-Addo plaide pour la réintégration du Burkina, du Niger et du Mali",Leandro Zomassi,https://beninwebtv.com/author/libence/,5 octobre 2024,"Le président ghanéen Nana Akufo-Addo a profité de sa présence au 19e Sommet de la Francophonie, qui s'est ouvert ce vendredi 4 octobre à...",Politique,https://i0.wp.com/beninwebtv.com/wp-content/uploads/2024/10/Nana-Akufo-Addo-le-president-du-Ghana.webp?resize=696%2C464&ssl=1,https://beninwebtv.com/cedeao-nana-akufo-addo-plaide-pour-la-reintegration-du-burkina-du-niger-et-du-mali/,Burkina Faso,,beninwebtv,fr,,
Mercato: André Ayew de retour au Havre AC,Leandro Zomassi,https://beninwebtv.com/author/libence/,4 octobre 2024,"Ce vendredi, le Havre Athletic Club a surpris tout le monde en annonçant le retour d'André Ayew dans ses rangs. Sans club depuis son...",Football,https://i0.wp.com/beninwebtv.com/wp-content/uploads/2024/04/Andre-Ayew.webp?resize=696%2C371&ssl=1,https://beninwebtv.com/mercato-andre-ayew-de-retour-au-havre-ac/,Ghana,,beninwebtv,fr,,
Le Ghana confirme un nouveau cas de mpox,Kevin Aka,https://beninwebtv.com/author/kevin/,4 octobre 2024,Le service de santé du Ghana (GHS) a annoncé jeudi la détection d’un nouveau cas de mpox dans le pays. Selon un rapport de...,Santé,https://i0.wp.com/beninwebtv.com/wp-content/uploads/2021/12/mpx-localized-ncdc-training-manual_1626479987801_1626528375128.png?resize=696%2C392&ssl=1,https://beninwebtv.com/le-ghana-confirme-un-nouveau-cas-de-mpox/,Ghana,,beninwebtv,fr,,
"UFOA B U20 2024: le Bénin hérite du Ghana, le tirage au sort complet",Romaric Déguénon,https://beninwebtv.com/author/romaric/,26 septembre 2024,Le tirage au sort du tournoi UFOA B U20 2024 a été effectué ce jeudi à Abidjan en Côte d'Ivoire. Le Bénin est tombé...,Afrique – Sport,https://i0.wp.com/beninwebtv.com/wp-content/uploads/2024/02/Guepards-U20.webp?resize=696%2C460&ssl=1,https://beninwebtv.com/ufoa-b-u20-2024-le-benin-herite-du-ghana-le-tirage-au-sort-complet/,Bénin,,beninwebtv,fr,,
Guinée: Kaba Diawara se lâche  02 mois après son limogeage,Leandro Zomassi,https://beninwebtv.com/author/libence/,9 octobre 2024,"L’ancien sélectionneur du Syli national de Guinée, Kaba Diawara, a récemment fait des révélations surprenantes sur les raisons de son départ à la tête...",Afrique – Sport,https://i0.wp.com/beninwebtv.com/wp-content/uploads/2024/08/Kaba-Diawara.webp?resize=696%2C348&ssl=1,https://beninwebtv.com/guinee-kaba-diawara-se-lache-02-mois-apres-son-limogeage/,Guinée,,beninwebtv,fr,,
Guinée – 66e anniversaire de l’Indépendance: le président Doumbouya salue les héros de la liberté,Kevin Aka,https://beninwebtv.com/author/kevin/,3 octobre 2024,"À l'occasion du 66e anniversaire de l'indépendance de la Guinée, célébré ce mercredi, le président de la République, le général Mamadi Doumbouya, a rendu...",Politique,https://i0.wp.com/beninwebtv.com/wp-content/uploads/2024/05/Mamady-Doumbouya.webp?resize=696%2C367&ssl=1,https://beninwebtv.com/guinee-66e-anniversaire-de-lindependance-le-president-doumbouya-salue-les-heros-de-la-liberte/,Guinée,,beninwebtv,fr,,
CAN 2025 (Q): la liste de la Guinée pour la double confrontation face à l’Ethiopie,Romaric Déguénon,https://beninwebtv.com/author/romaric/,1 octobre 2024,"Le nouveau sélectionneur de la Guinée, Michel Dussuyer, a dévoilé la liste des joueurs retenus pour les matchs des 3è et 4è journées des...",Afrique – Sport,https://i0.wp.com/beninwebtv.com/wp-content/uploads/2024/09/ICONSPORT_120334_0015.webp?resize=696%2C464&ssl=1,https://beninwebtv.com/can-2025-q-la-liste-de-la-guinee-pour-la-double-confrontation-face-a-lethiopie/,Éthiopie,,beninwebtv,fr,,
Guinée : un accident de circulation fait 13 morts dans le sud du pays,Kevin Aka,https://beninwebtv.com/author/kevin/,30 septembre 2024,"Un accident de la route s'est produit dimanche dans la préfecture de Kissidougou, au sud-est de la Guinée, causant la mort de 13 personnes,...",Société,https://i0.wp.com/beninwebtv.com/wp-content/uploads/2022/04/Societe-1.png?resize=696%2C398&ssl=1,https://beninwebtv.com/guinee-un-accident-de-circulation-fait-13-morts-dans-le-sud-du-pays/,Guinée,,beninwebtv,fr,,
"Mondial Maracana 2024: Bénin-Jamaïque, Guinée-France, le programme de ce samedi",Romaric Déguénon,https://beninwebtv.com/author/romaric/,28 septembre 2024,"Découvrez les rencontres au programme ce samedi, comptant pour la deuxième journée de phase de groupe de la Coupe du monde de Maracana qui...",Football,https://i0.wp.com/beninwebtv.com/wp-content/uploads/2024/09/MARACANA.webp?resize=696%2C395&ssl=1,https://beninwebtv.com/mondial-maracana-2024-benin-jamaique-guinee-france-le-programme-de-ce-samedi/,Bénin,,beninwebtv,fr,,
Guinée – Rumeurs de tirs d’armes à la présidence : le gouvernement sort du silence,Kevin Aka,https://beninwebtv.com/author/kevin/,27 septembre 2024,"Le Général Amara Camara, porte-parole de la présidence de la République de Guinée, a formellement démenti, ce jeudi, les rumeurs concernant des coups de...",Politique,https://i0.wp.com/beninwebtv.com/wp-content/uploads/2024/05/Mamady-Doumbouya.webp?resize=696%2C367&ssl=1,https://beninwebtv.com/guinee-rumeurs-de-tirs-darmes-a-la-presidence-le-gouvernement-sort-du-silence/,Guinée,,beninwebtv,fr,,
Guinée: Michel Dussuyer sur le banc du Syli National,Romaric Déguénon,https://beninwebtv.com/author/romaric/,23 septembre 2024,"La Fédération guinéenne de football a annoncé ce weekend la nomination de Michel Dussuyer sur le banc de l'équipe nationale, en remplacement de Charles...",Afrique – Sport,https://i0.wp.com/beninwebtv.com/wp-content/uploads/2024/09/ICONSPORT_120334_0015.webp?resize=696%2C464&ssl=1,https://beninwebtv.com/guinee-michel-dussuyer-sur-le-banc-du-syli-national/,Guinée,,beninwebtv,fr,,
Guinée : Mamadi Doumbouya sera-t-il candidat à la présidentielle ?,Kevin Aka,https://beninwebtv.com/author/kevin/,23 septembre 2024,"En Guinée, l'incertitude règne concernant la date des prochaines élections, mais il semble de plus en plus probable qu'elles se dérouleront plus tôt que...",Politique,https://i0.wp.com/beninwebtv.com/wp-content/uploads/2023/11/Mamadi-Doumbouya.webp?resize=696%2C464&ssl=1,https://beninwebtv.com/guinee-mamadi-doumbouya-sera-t-il-candidat-a-la-presidentielle/,Guinée,,beninwebtv,fr,,
"Guinée: Fin de cavale pour le colonel Claude Pivi, arrêté au Libéria",Edouard Djogbénou,https://beninwebtv.com/author/edouard/,18 septembre 2024,"Recherché depuis plusieurs mois suite à son évasion spectaculaire de prison, le colonel Claude Pivi a été appréhendé par les forces de l’ordre. Selon...",Société,https://i0.wp.com/beninwebtv.com/wp-content/uploads/2023/11/Claude-Pivi.webp?resize=696%2C522&ssl=1,https://beninwebtv.com/guinee-fin-de-cavale-pour-le-colonel-claude-pivi-arrete-au-liberia/,Guinée,,beninwebtv,fr,,
Guinée : Mamadi Doumbouya limoge deux de ses conseillers,Kevin Aka,https://beninwebtv.com/author/kevin/,6 septembre 2024,"En Guinée, deux conseillers du président Mamadi Doumbouya ont été limogés jeudi. Bocar Baïla Ly et Sékou Sanfina Diakité ont ainsi perdu leurs fonctions. Cette...",Politique,https://i0.wp.com/beninwebtv.com/wp-content/uploads/2023/11/Mamadi-Doumbouya.webp?resize=696%2C464&ssl=1,https://beninwebtv.com/guinee-mamadi-doumbouya-limoge-deux-de-ses-conseillers/,Guinée,,beninwebtv,fr,,
Trafic de cocaïne : un cargo en provenance de Guinée-Bissau arrêté près des Canaries,Kevin Aka,https://beninwebtv.com/author/kevin/,10 octobre 2024,"Le 4 octobre 2024, un cargo transportant 3 281 kg de cocaïne a été intercepté par les autorités espagnoles près des îles Canaries, selon...",Société,https://i0.wp.com/beninwebtv.com/wp-content/uploads/2022/04/Societe-1.png?resize=696%2C398&ssl=1,https://beninwebtv.com/trafic-de-cocaine-un-cargo-en-provenance-de-guinee-bissau-arrete-pres-des-canaries/,Guinée-Bissau,,beninwebtv,fr,,
Guinée-Bissau : pénuries d’eau et d’électricité plongent la capitale dans l’incertitude,Kevin Aka,https://beninwebtv.com/author/kevin/,8 octobre 2024,"La capitale de la Guinée-Bissau est privée d'électricité et d'eau depuis une semaine dans plusieurs quartiers et en périphérie, selon les observations du correspondant...",Société,https://i0.wp.com/beninwebtv.com/wp-content/uploads/2022/04/Societe-1.png?resize=696%2C398&ssl=1,https://beninwebtv.com/guinee-bissau-penuries-deau-et-delectricite-plongent-la-capitale-dans-lincertitude/,Guinée-Bissau,,beninwebtv,fr,,
CAN 2025 (Q): le Mali dévoile sa liste pour affronter la Guinée-Bissau,Romaric Déguénon,https://beninwebtv.com/author/romaric/,7 octobre 2024,"En vue des 3e et 4e journées des éliminatoires de la Coupe d'Afrique des Nations (CAN) 2025, le sélectionneur du Mali, Tom Sainfiet, a...",Afrique – Sport,https://i0.wp.com/beninwebtv.com/wp-content/uploads/2023/12/Toure.webp?resize=696%2C464&ssl=1,https://beninwebtv.com/can-2025-q-le-mali-devoile-sa-liste-pour-affronter-la-guinee-bissau/,Guinée-Bissau,,beninwebtv,fr,,
Coup de poker en  Guinée-Bissau,Ange Banouwin,https://beninwebtv.com/author/banouwin/,16 septembre 2024,"En Guinée-Bissau, le président Umaro Sissoco Embaló a trouvé la panacée pour se relancer à la quête d’un nouveau mandat. Et pourtant l’annonce est...",Analyse et Décryptage,https://i0.wp.com/beninwebtv.com/wp-content/uploads/2021/09/Umaro-Sissoco-Embalo.jpeg?resize=696%2C391&ssl=1,https://beninwebtv.com/coup-de-poker-en-guinee-bissau/,Guinée-Bissau,,beninwebtv,fr,,
Umaro Sissoco Embaló : « Je ne serai pas candidat en 2025 »,Kevin Aka,https://beninwebtv.com/author/kevin/,12 septembre 2024,"Le président de la Guinée-Bissau, Umaro Sissoco Embaló, a surpris en annonçant qu'il ne briguera pas un second mandat à la fin de son...",Politique,https://i0.wp.com/beninwebtv.com/wp-content/uploads/2021/09/Umaro-Sissoco-Embalo-2.jpg?resize=696%2C392&ssl=1,https://beninwebtv.com/umaro-sissoco-embalo-je-ne-serai-pas-candidat-en-2025/,Guinée-Bissau,,beninwebtv,fr,,
Guinée-Bissau : cinq arrestations après la saisie d’un avion rempli de cocaïne,Kevin Aka,https://beninwebtv.com/author/kevin/,8 septembre 2024,"Le samedi 7 septembre 2024, un avion chargé d'une importante quantité de cocaïne a atterri à l'aéroport international Osvaldo Vieira, en Guinée-Bissau. Les autorités...",Société,https://i0.wp.com/beninwebtv.com/wp-content/uploads/2024/09/Saisie-de-drogue-a-Bissau.jpg?resize=696%2C497&ssl=1,https://beninwebtv.com/guinee-bissau-cinq-arrestations-apres-la-saisie-dun-avion-rempli-de-cocaine/,Guinée-Bissau,,beninwebtv,fr,,
Embaló félicite Kagamé pour son « éclatante réélection »,Casimir Vodjo,https://beninwebtv.com/author/benjamin/,17 juillet 2024,"Le président bissau-guinéen, le général Umaro Sissoco Embaló, a exprimé ses félicitations à son homologue rwandais Paul Kagamé pour sa réélection triomphale. Ce dernier...",Diplomatie,https://i0.wp.com/beninwebtv.com/wp-content/uploads/2023/04/k-21-f0c90.jpg?resize=696%2C552&ssl=1,https://beninwebtv.com/embalo-felicite-kagame-pour-son-eclatante-reelection/,Guinée-Bissau,,beninwebtv,fr,,
"Umaro Sissoco Embaló en Chine, sur invitation du président Xi Jinping",Vincent DEGUENON,https://beninwebtv.com/author/arnaud/,10 juillet 2024,"A l'invitation du président chinois Xi Jinping, le président de la République de Guinée-Bissau, Umaro Sissoco Embaló, effectue depuis ce 09 Juillet une visite...",Politique,https://i0.wp.com/beninwebtv.com/wp-content/uploads/2024/07/668e6f0877251.webp?resize=696%2C464&ssl=1,https://beninwebtv.com/umaro-sissoco-embalo-en-chine-sur-invitation-du-president-xi-jinping/,Guinée-Bissau,,beninwebtv,fr,,
La Guinée-Bissau ferme temporairement une partie sa frontière avec le Sénégal,Kevin Aka,https://beninwebtv.com/author/kevin/,21 juin 2024,La Guinée-Bissau a fermé une section de sa frontière avec le Sénégal suite à des affrontements entre deux communautés musulmanes dans le sud du...,Politique,https://i0.wp.com/beninwebtv.com/wp-content/uploads/2024/06/Frontiere-Guinee-Bissau-Senegal.jpg?resize=696%2C348&ssl=1,https://beninwebtv.com/la-guinee-bissau-ferme-temporairement-une-partie-sa-frontiere-avec-le-senegal/,Guinée-Bissau,,beninwebtv,fr,,
"Mondial 2026 (Q): l’Egypte accroché en Guinée-Bissau, malgré Salah",Romaric Déguénon,https://beninwebtv.com/author/romaric/,10 juin 2024,"Malgré un but de Mohamed Salah en seconde période, l'Egypte a concédé le point du nul face à la Guinée-Bissau (1-1) ce lundi, à...",Football,https://i0.wp.com/beninwebtv.com/wp-content/uploads/2023/10/Salah-1.webp?resize=696%2C391&ssl=1,https://beninwebtv.com/mondial-2026-q-legypte-accroche-en-guinee-bissau-malgre-salah/,Égypte,,beninwebtv,fr,,
Liberia : 47 détenus évadés de la prison de Kakata,Kevin Aka,https://beninwebtv.com/author/kevin/,11 septembre 2024,"Dans la soirée du dimanche 8 septembre 2024, plusieurs détenus se sont évadés de la prison centrale de Kakata, située dans le comté de...",Société,https://i0.wp.com/beninwebtv.com/wp-content/uploads/2023/12/Prison.webp?resize=696%2C392&ssl=1,https://beninwebtv.com/liberia-47-detenus-evades-de-la-prison-de-kakata/,Liberia,,beninwebtv,fr,,
Crise énergétique: la Côte d’Ivoire menace de suspendre l’approvisionnement en électricité au Liberia,Kevin Aka,https://beninwebtv.com/author/kevin/,7 septembre 2024,La Compagnie Ivoirienne d'Électricité (CIE) a notifié la Liberia Electricity Corporation (LEC) qu'elle se verrait contrainte d'interrompre l'approvisionnement en électricité en raison d'une dette...,Société,https://i0.wp.com/beninwebtv.com/wp-content/uploads/2023/11/Ouattara-1.webp?resize=696%2C464&ssl=1,https://beninwebtv.com/crise-energetique-la-cote-divoire-menace-de-suspendre-lapprovisionnement-en-electricite-au-liberia/,Côte d'Ivoire,,beninwebtv,fr,,
CAN 2025 (Q): le Liberia accroche le Togo à Kégué,Romaric Déguénon,https://beninwebtv.com/author/romaric/,6 septembre 2024,"Le Togo a lâché ses premiers points aux éliminatoires de la CAN 2025 après son match nul face au Liberia (1-1) ce vendredi, au...",Afrique – Sport,https://i0.wp.com/beninwebtv.com/wp-content/uploads/2023/11/togo.webp?resize=696%2C437&ssl=1,https://beninwebtv.com/can-2025-q-le-liberia-accroche-le-togo-a-kegue/,Liberia,,beninwebtv,fr,,
Elim CAN 2025: la liste du Liberia contre le Togo et l’Algérie,Romaric Déguénon,https://beninwebtv.com/author/romaric/,3 septembre 2024,"La Fédération libérienne de football, a dévoilé sa liste des joueurs retenus pour les deux premières journées des éliminatoires de la CAN 2025. Un...",Afrique – Sport,https://i0.wp.com/beninwebtv.com/wp-content/uploads/2024/06/Liberia-1024x453-1.webp?resize=696%2C308&ssl=1,https://beninwebtv.com/elim-can-2025-la-liste-du-liberia-contre-le-togo-et-lalgerie/,Algérie,,beninwebtv,fr,,
CAN 2025 (Q): la liste du Togo face au Liberia et la Guinée Equatoriale,Romaric Déguénon,https://beninwebtv.com/author/romaric/,30 août 2024,"Le sélectionneur du Togo, Nibombé Daré, a publié la liste des joueurs convoqués pour les matchs contre le Liberia et la Guinée Equatoriale, dans...",Afrique – Sport,https://i0.wp.com/beninwebtv.com/wp-content/uploads/2024/05/Kodjo-1024x576-1.webp?resize=696%2C391&ssl=1,https://beninwebtv.com/can-2025-q-la-liste-du-togo-face-au-liberia-et-la-guinee-equatoriale/,Liberia,,beninwebtv,fr,,
Libéria: George Weah dénonce un complot après l’inculpation de ses proches pour corruption,Kevin Aka,https://beninwebtv.com/author/kevin/,2 août 2024,"L'ancien président du Libéria, George Weah, dénonce un complot après l'inculpation de cinq de ses proches collaborateurs pour corruption. Lors de sa dernière conférence...",Politique,https://i0.wp.com/beninwebtv.com/wp-content/uploads/2022/11/Geroge-Weah.jpg?resize=696%2C473&ssl=1,https://beninwebtv.com/liberia-george-weah-denonce-un-complot-apres-linculpation-de-ses-proches-pour-corruption/,Liberia,,beninwebtv,fr,,
Mondial 2026 (Q): le Liberia s’offre Sao Tomé-et-Principe,Romaric Déguénon,https://beninwebtv.com/author/romaric/,9 juin 2024,"La quatrième journée des éliminatoires de la Coupe du monde 2026 s'ouvrait ce dimanche, avec une rencontre entre Liberia et Sao Tomé-et-Principe. Et à...",Football,https://i0.wp.com/beninwebtv.com/wp-content/uploads/2024/06/Liberia-1024x453-1.webp?resize=696%2C308&ssl=1,https://beninwebtv.com/mondial-2026-q-le-liberia-soffre-sao-tome-et-principe/,Liberia,,beninwebtv,fr,,
Préliminaire CAN 2025: la liste du Liberia pour affronter Djibouti,Romaric Déguénon,https://beninwebtv.com/author/romaric/,13 mars 2024,"Le sélectionneur national du Liberia, Mario Marinică, a communiqué sa liste des joueurs retenus pour la double confrontation contre Djibouti, comptant pour les préliminaires...",Afrique – Sport,https://i0.wp.com/beninwebtv.com/wp-content/uploads/2024/03/aore.webp?resize=696%2C464&ssl=1,https://beninwebtv.com/preliminaire-can-2025-la-liste-du-liberia-pour-affronter-djibouti/,Djibouti,,beninwebtv,fr,,
Tour Préliminaire CAN 2025: la liste du Djibouti dévoilée,Romaric Déguénon,https://beninwebtv.com/author/romaric/,6 mars 2024,"Le sélectionneur national du Djibouti, Abdourahman Okieh, a dévoilé ce mercredi sa liste des joueurs retenus pour la double confrontation face au Liberia, comptant...",Afrique – Sport,https://i0.wp.com/beninwebtv.com/wp-content/uploads/2024/03/Djibouti.webp?resize=696%2C464&ssl=1,https://beninwebtv.com/tour-preliminaire-can-2025-la-liste-du-djibouti-devoilee/,Djibouti,,beninwebtv,fr,,
"Journée FIFA: Sénégal-Bénin, Tunisie-Croatie, le programme des équipes africaines en mars",Romaric Déguénon,https://beninwebtv.com/author/romaric/,6 mars 2024,"Première trêve internationale de l'année, les journées FIFA de mars s'ouvrent dans quelques jours. Découvrez le programme des équipes africaines en lice. Les sélections africaines...",Afrique – Sport,https://i0.wp.com/beninwebtv.com/wp-content/uploads/2024/03/Benin.webp?resize=696%2C391&ssl=1,https://beninwebtv.com/journee-fifa-senegal-benin-tunisie-croatie-le-programme-des-equipes-africaines-en-mars/,Liberia,,beninwebtv,fr,,
Mali : suspension du procès sur l’achat de l’avion présidentiel et les détournements de 2014,Kevin Aka,https://beninwebtv.com/author/kevin/,10 octobre 2024,"Au Mali, un tournant important s'est produit dans le procès concernant l'achat de l'avion présidentiel et les abus financiers liés à des équipements militaires. Ouvert...",Politique,https://i0.wp.com/beninwebtv.com/wp-content/uploads/2024/10/Avion-Mali.jpeg?resize=696%2C398&ssl=1,https://beninwebtv.com/mali-suspension-du-proces-sur-lachat-de-lavion-presidentiel-et-les-detournements-de-2014/,Mali,,beninwebtv,fr,,
Mali : Assimi Goïta reçoit une délégation turque,Kevin Aka,https://beninwebtv.com/author/kevin/,10 octobre 2024,"Au Mali, la rencontre entre Assimi Goïta et des partenaires turcs s'inscrit dans une dynamique de renforcement des relations bilatérales entre Bamako et Ankara. En...",Diplomatie,https://i0.wp.com/beninwebtv.com/wp-content/uploads/2024/07/Assimi-Goita.jpg?resize=696%2C464&ssl=1,https://beninwebtv.com/mali-assimi-goita-recoit-une-delegation-turque/,Mali,,beninwebtv,fr,,
CAN 2025 (Q): le Mali dévoile sa liste pour affronter la Guinée-Bissau,Romaric Déguénon,https://beninwebtv.com/author/romaric/,7 octobre 2024,"En vue des 3e et 4e journées des éliminatoires de la Coupe d'Afrique des Nations (CAN) 2025, le sélectionneur du Mali, Tom Sainfiet, a...",Afrique – Sport,https://i0.wp.com/beninwebtv.com/wp-content/uploads/2023/12/Toure.webp?resize=696%2C464&ssl=1,https://beninwebtv.com/can-2025-q-le-mali-devoile-sa-liste-pour-affronter-la-guinee-bissau/,Guinée-Bissau,,beninwebtv,fr,,
Mali: l’économiste Étienne Sissoko face à son procès en appel,Kevin Aka,https://beninwebtv.com/author/kevin/,7 octobre 2024,"Au Mali, le procès en appel de l'économiste Étienne Fakaba Sissoko est prévu pour ce lundi 7 octobre 2024. Selon les informations de RFI,...",Société,https://i0.wp.com/beninwebtv.com/wp-content/uploads/2024/09/Cour-dappel-de-Bamako.webp?resize=696%2C445&ssl=1,https://beninwebtv.com/mali-leconomiste-etienne-sissoko-face-a-son-proces-en-appel/,Mali,,beninwebtv,fr,,
"Coupe CAF: Berkane-Stade Malien, ASEC-USM Alger, le tirage des phases de groupe",Romaric Déguénon,https://beninwebtv.com/author/romaric/,7 octobre 2024,La confédération africaine de football a effectué ce lundi le tirage au sort des phases de poule de la Coupe CAF. Un tirage qui...,Afrique – Sport,https://i0.wp.com/beninwebtv.com/wp-content/uploads/2023/10/Le-trophee-de-la-Coupe-de-la-confederation-de-la-CAF.webp?resize=696%2C392&ssl=1,https://beninwebtv.com/coupe-caf-berkane-stade-malien-asec-usm-alger-le-tirage-des-phases-de-groupe/,Mali,,beninwebtv,fr,,
Mali : l’armée annonce la neutralisation d’un convoi de « terroristes » près de Tinzaouatène,Kevin Aka,https://beninwebtv.com/author/kevin/,7 octobre 2024,"Après l'échec de juillet dernier dans sa tentative de reprendre Tinzaouatène, les Forces Armées Maliennes (FAMAs) ont annoncé le 5 octobre avoir détruit une...",Sécurité,https://i0.wp.com/beninwebtv.com/wp-content/uploads/2023/08/Mali-six-soldats-tues-24-terroristes-neutralises-au-nord-du-pays.jpg?resize=696%2C428&ssl=1,https://beninwebtv.com/mali-larmee-annonce-la-neutralisation-dun-convoi-de-terroristes-pres-de-tinzaouatene/,Mali,,beninwebtv,fr,,
"CEDEAO: Nana Akufo-Addo plaide pour la réintégration du Burkina, du Niger et du Mali",Leandro Zomassi,https://beninwebtv.com/author/libence/,5 octobre 2024,"Le président ghanéen Nana Akufo-Addo a profité de sa présence au 19e Sommet de la Francophonie, qui s'est ouvert ce vendredi 4 octobre à...",Politique,https://i0.wp.com/beninwebtv.com/wp-content/uploads/2024/10/Nana-Akufo-Addo-le-president-du-Ghana.webp?resize=696%2C464&ssl=1,https://beninwebtv.com/cedeao-nana-akufo-addo-plaide-pour-la-reintegration-du-burkina-du-niger-et-du-mali/,Burkina Faso,,beninwebtv,fr,,
L’AES franchit une étape clé vers un passeport unique et sécurisé,Kevin Aka,https://beninwebtv.com/author/kevin/,5 octobre 2024,"Les pays membres de l'Alliance des États du Sahel (AES) ont franchi une étape importante vers l'adoption d'un document de voyage unique, a déclaré...",Politique,https://i0.wp.com/beninwebtv.com/wp-content/uploads/2024/07/Tiani-Goita-et-Traore.webp?resize=696%2C464&ssl=1,https://beninwebtv.com/laes-franchit-une-etape-cle-vers-un-passeport-unique-et-securise/,Burkina Faso,,beninwebtv,fr,,
Le Mali envisage son adhésion aux BRICS,Kevin Aka,https://beninwebtv.com/author/kevin/,3 octobre 2024,"Selon le ministre malien de l'Économie, les BRICS représentent une alternative prometteuse dans le cadre de la coopération multilatérale actuelle. Dans une interview accordée...",Diplomatie,https://i0.wp.com/beninwebtv.com/wp-content/uploads/2024/01/BRICS.webp?resize=696%2C464&ssl=1,https://beninwebtv.com/le-mali-envisage-son-adhesion-aux-brics/,Mali,,beninwebtv,fr,,
Mali : l’absence prolongée de Choguel Maïga suscite des interrogations au sommet de l’État,Kevin Aka,https://beninwebtv.com/author/kevin/,2 octobre 2024,"L'inquiétude monte au sein du gouvernement malien face aux désaccords et à l'absence prolongée du Premier ministre Choguel Kokalla Maïga, en poste depuis la...",Politique,https://i0.wp.com/beninwebtv.com/wp-content/uploads/2022/11/316686222_6139520669400707_7980771922106447195_n-1.jpg?resize=696%2C464&ssl=1,https://beninwebtv.com/mali-labsence-prolongee-de-choguel-maiga-suscite-des-interrogations-au-sommet-de-letat/,Mali,,beninwebtv,fr,,
Niger : Tiani retire la nationalité à 9 proches de Mohamed Bazoum,padeguenon,https://beninwebtv.com/author/padeguenon/,10 octobre 2024,"Le général Abdourahamane Tiani, président de la transition au Niger, a signé un décret controversé ce jeudi 10 octobre 2024, privant provisoirement de leur...",Politique,https://i0.wp.com/beninwebtv.com/wp-content/uploads/2024/08/Tiani.webp?resize=696%2C392&ssl=1,https://beninwebtv.com/niger-tiani-retire-la-nationalite-a-9-proches-de-mohamed-bazoum/,Niger,,beninwebtv,fr,,
Niger : des inondations dévastatrices font 339 morts et plus d’un million de sinistrés,Leandro Zomassi,https://beninwebtv.com/author/libence/,9 octobre 2024,"Le Niger traverse une crise humanitaire d'envergure après des pluies exceptionnelles qui ont frappé le pays depuis juin, causant la mort de 339 personnes...",Société,https://i0.wp.com/beninwebtv.com/wp-content/uploads/2024/09/Inondation.jpg?resize=696%2C348&ssl=1,https://beninwebtv.com/niger-des-inondations-devastatrices-font-339-morts-et-plus-dun-million-de-sinistres/,Niger,,beninwebtv,fr,,
"UFOA B U20 2024: Togo-Niger, Ghana-Bénin, le programme complet du tournoi",Romaric Déguénon,https://beninwebtv.com/author/romaric/,8 octobre 2024,"On connait désormais le calendrier complet de la phase finale du tournoi UFOA B U20 2024, qualificatif pour la CAN de la catégorie. Le tournoi...",Afrique – Sport,https://i0.wp.com/beninwebtv.com/wp-content/uploads/2024/02/Guepards-U20.webp?resize=696%2C460&ssl=1,https://beninwebtv.com/ufoa-b-u20-2024-togo-niger-ghana-benin-le-programme-complet-du-tournoi/,Bénin,,beninwebtv,fr,,
"CEDEAO: Nana Akufo-Addo plaide pour la réintégration du Burkina, du Niger et du Mali",Leandro Zomassi,https://beninwebtv.com/author/libence/,5 octobre 2024,"Le président ghanéen Nana Akufo-Addo a profité de sa présence au 19e Sommet de la Francophonie, qui s'est ouvert ce vendredi 4 octobre à...",Politique,https://i0.wp.com/beninwebtv.com/wp-content/uploads/2024/10/Nana-Akufo-Addo-le-president-du-Ghana.webp?resize=696%2C464&ssl=1,https://beninwebtv.com/cedeao-nana-akufo-addo-plaide-pour-la-reintegration-du-burkina-du-niger-et-du-mali/,Burkina Faso,,beninwebtv,fr,,
L’AES franchit une étape clé vers un passeport unique et sécurisé,Kevin Aka,https://beninwebtv.com/author/kevin/,5 octobre 2024,"Les pays membres de l'Alliance des États du Sahel (AES) ont franchi une étape importante vers l'adoption d'un document de voyage unique, a déclaré...",Politique,https://i0.wp.com/beninwebtv.com/wp-content/uploads/2024/07/Tiani-Goita-et-Traore.webp?resize=696%2C464&ssl=1,https://beninwebtv.com/laes-franchit-une-etape-cle-vers-un-passeport-unique-et-securise/,Burkina Faso,,beninwebtv,fr,,
Niger : arrestation de 40 individus étrangers et saisie d’armes blanches par l’armée,Kevin Aka,https://beninwebtv.com/author/kevin/,3 octobre 2024,"Les Forces de défense et de sécurité (FDS) du Niger ont interpellé 40 individus, tous étrangers, à Tabarkat, dans la région d'Agadez (nord), et...",Sécurité,https://i0.wp.com/beninwebtv.com/wp-content/uploads/2023/12/prison-@-Doctissimo-1.webp?resize=696%2C392&ssl=1,https://beninwebtv.com/niger-arrestation-de-40-individus-etrangers-et-saisie-darmes-blanches-par-larmee/,Niger,,beninwebtv,fr,,
Niger : plus de 9.780 nouveaux cas de cancer chaque année,Kevin Aka,https://beninwebtv.com/author/kevin/,2 octobre 2024,"Au Niger, le ministre de la Santé publique, le médecin colonel major Garba Hakimi, a annoncé que chaque année, on recense 9.787 nouveaux cas...",Santé,https://i0.wp.com/beninwebtv.com/wp-content/uploads/2024/01/Cancer.webp?resize=696%2C464&ssl=1,https://beninwebtv.com/niger-plus-de-9-780-nouveaux-cas-de-cancer-chaque-annee/,Niger,,beninwebtv,fr,,
Niger : 162 kg de cannabis cachés dans un cortège de mariage saisis à Arlit,Kevin Aka,https://beninwebtv.com/author/kevin/,1 octobre 2024,Le Niger intensifie sa lutte contre le trafic de stupéfiants en saisissant 162 kg de cannabis. Cette intervention a été menée par l’Office central...,Société,https://i0.wp.com/beninwebtv.com/wp-content/uploads/2022/05/Drogue-saisie-au-Niger.jpg?resize=696%2C522&ssl=1,https://beninwebtv.com/niger-162-kg-de-cannabis-caches-dans-un-cortege-de-mariage-saisis-a-arlit/,Niger,,beninwebtv,fr,,
Niger: le ministre de l’Intérieur appelle à la mobilisation nationale contre les menaces de déstabilisation,Kevin Aka,https://beninwebtv.com/author/kevin/,1 octobre 2024,"Dans une déclaration rendue publique lundi, le ministre de l'Intérieur et de la Sécurité publique du Niger, le général de brigade Mohamed Toumba, a...",Politique,https://i0.wp.com/beninwebtv.com/wp-content/uploads/2024/10/Colonel-Mohamed-Toumba.jpg?resize=696%2C392&ssl=1,https://beninwebtv.com/niger-le-ministre-de-linterieur-appelle-a-la-mobilisation-nationale-contre-les-menaces-de-destabilisation/,Niger,,beninwebtv,fr,,
Diplomatie : rencontre entre les ministres des Affaires Étrangères du Bénin et du Niger,Kevin Aka,https://beninwebtv.com/author/kevin/,29 septembre 2024,"Le Ministre des Affaires Étrangères du Bénin, Shegun Adjadi Bakari, et son homologue nigérien, Bakary Yaou Sangaré, en charge des Affaires Étrangères, de la...",Diplomatie,https://i0.wp.com/beninwebtv.com/wp-content/uploads/2024/09/Bakari-Shegun-echange-avec-son-homologue-Bakary-Yaou-Sangare.jpg?resize=696%2C348&ssl=1,https://beninwebtv.com/diplomatie-rencontre-entre-les-ministres-des-affaires-etrangeres-du-benin-et-du-niger/,Bénin,,beninwebtv,fr,,
Nigeria: des hommes armés abattent neuf agents de sécurité à Zamfara,Kevin Aka,https://beninwebtv.com/author/kevin/,9 octobre 2024,"Au moins neuf agents de sécurité locaux ont été tués lors d'une embuscade tendue par un groupe d'hommes armés dans l'État de Zamfara, au...",Société,https://i0.wp.com/beninwebtv.com/wp-content/uploads/2022/04/Societe-1.png?resize=696%2C398&ssl=1,https://beninwebtv.com/nigeria-des-hommes-armes-abattent-neuf-agents-de-securite-a-zamfara/,Nigeria,,beninwebtv,fr,,
Nigeria: une Canadienne interpellée à Lagos avec 35 kg de cannabis synthétique,Kevin Aka,https://beninwebtv.com/author/kevin/,7 octobre 2024,"Adrienne Munju, une Canadienne de 41 ans, a été arrêtée par des agents de l'Agence Nationale de Lutte contre la Drogue (NDLEA) à l'aéroport...",Société,https://i0.wp.com/beninwebtv.com/wp-content/uploads/2024/10/Adrienne-Munju.webp?resize=696%2C348&ssl=1,https://beninwebtv.com/nigeria-une-canadienne-interpellee-a-lagos-avec-35-kg-de-cannabis-synthetique/,Nigeria,,beninwebtv,fr,,
Nigeria: plusieurs morts dans le naufrage d’un bateau,Leandro Zomassi,https://beninwebtv.com/author/libence/,3 octobre 2024,"Un naufrage tragique a eu lieu dans le centre-nord du Nigeria, sur le fleuve Niger, causant la mort d'au moins 36 personnes, selon les...",Société,https://i0.wp.com/beninwebtv.com/wp-content/uploads/2023/12/un-bateau-chavire.webp?resize=696%2C391&ssl=1,https://beninwebtv.com/nigeria-plusieurs-morts-dans-le-naufrage-dun-bateau/,Nigeria,,beninwebtv,fr,,
Nigéria: Bola Tinubu s’accorde deux semaines de vacances au Royaume-Uni,Kevin Aka,https://beninwebtv.com/author/kevin/,3 octobre 2024,"Le président nigérian, Bola Tinubu, a quitté Abuja mercredi pour le Royaume-Uni, où il passera deux semaines de congé annuel. Durant ces vacances de...",Politique,https://i0.wp.com/beninwebtv.com/wp-content/uploads/2023/11/Bola-Tinubu-1.webp?resize=696%2C465&ssl=1,https://beninwebtv.com/nigeria-bola-tinubu-saccorde-deux-semaines-de-vacances-au-royaume-uni/,Nigeria,,beninwebtv,fr,,
"Le Nigeria obtient un nouveau prêt de 1,57 milliard de dollars de la Banque mondiale",Kevin Aka,https://beninwebtv.com/author/kevin/,1 octobre 2024,"Le Nigeria a récemment obtenu un financement de 1,57 milliard de dollars de la Banque mondiale afin de renforcer le capital humain, en améliorant...",Economie,https://i0.wp.com/beninwebtv.com/wp-content/uploads/2023/11/Bola-Tinubu-1.webp?resize=696%2C465&ssl=1,https://beninwebtv.com/le-nigeria-obtient-un-nouveau-pret-de-157-milliard-de-dollars-de-la-banque-mondiale/,Nigeria,,beninwebtv,fr,,
Nigeria: le sélectionneur Augustine Eguavoen confirmé à son poste,Romaric Déguénon,https://beninwebtv.com/author/romaric/,27 septembre 2024,"Intérimaire lors des deux premières journées des éliminatoires de la CAN 2025, Augustine Eguavoen a été confirmé à son poste de sélectionneur national des...",Afrique – Sport,https://i0.wp.com/beninwebtv.com/wp-content/uploads/2024/09/Augustine_Eguavoengh.webp?resize=696%2C463&ssl=1,https://beninwebtv.com/nigeria-le-selectionneur-augustine-eguavoen-confirme-a-son-poste/,Nigeria,,beninwebtv,fr,,
Nigeria: Coca-Cola injecte un milliard de dollars dans ses activités,Kevin Aka,https://beninwebtv.com/author/kevin/,21 septembre 2024,"Le Nigeria, en proie à une grave crise économique et désireux d'attirer les multinationales, reçoit une annonce de taille : Coca-Cola prévoit d'investir un...",Société,https://i0.wp.com/beninwebtv.com/wp-content/uploads/2024/08/Coca-Cola.jpg?resize=696%2C348&ssl=1,https://beninwebtv.com/nigeria-coca-cola-injecte-un-milliard-de-dollars-dans-ses-activites/,Nigeria,,beninwebtv,fr,,
Terrorisme au Nigeria: l’armée élimine 4 bandits et sauve des otages,Kevin Aka,https://beninwebtv.com/author/kevin/,18 septembre 2024,"Au Nigeria, au moins quatre bandits ont été abattus et 20 otages libérés mardi par les forces nigérianes lors de raids antiterroristes distincts dans...",Société,https://i0.wp.com/beninwebtv.com/wp-content/uploads/2021/08/Attaques-terroristes-au-Burkina-1.png?resize=696%2C427&ssl=1,https://beninwebtv.com/terrorisme-au-nigeria-larmee-elimine-4-bandits-et-sauve-des-otages/,Nigeria,,beninwebtv,fr,,
Nigeria: Bola Tinubu confirme la mort de 40 personnes dans un accident de route,Kevin Aka,https://beninwebtv.com/author/kevin/,18 septembre 2024,"Au début de la semaine, une collision entre une voiture et un camion dans l'État de Kaduna, au nord-ouest du Nigeria, a fait au...",Société,https://i0.wp.com/beninwebtv.com/wp-content/uploads/2022/06/Bola-Tinubu.jpg?resize=696%2C392&ssl=1,https://beninwebtv.com/nigeria-bola-tinubu-confirme-la-mort-de-40-personnes-dans-un-accident-de-route/,Nigeria,,beninwebtv,fr,,
Nigeria: des inondations provoquent l’évasion de 281 prisonniers dans le nord-est du pays,Kevin Aka,https://beninwebtv.com/author/kevin/,16 septembre 2024,"La semaine dernière, plus de 280 détenus se sont échappés d'une prison du nord du Nigeria après que des inondations ont provoqué l'effondrement de...",Société,https://i0.wp.com/beninwebtv.com/wp-content/uploads/2024/02/prison.webp?resize=696%2C391&ssl=1,https://beninwebtv.com/nigeria-des-inondations-provoquent-levasion-de-281-prisonniers-dans-le-nord-est-du-pays/,Nigeria,,beninwebtv,fr,,
Sénégal: le gouvernement officialise le port des signes religieux à l’école,Kevin Aka,https://beninwebtv.com/author/kevin/,10 octobre 2024,"Au Sénégal, le ministère de l’Éducation nationale a émis un arrêté le 6 octobre concernant le respect des croyances religieuses. Ce texte stipule que...",Education,https://i0.wp.com/beninwebtv.com/wp-content/uploads/2024/04/Ousmane-Sonko-1.webp?resize=696%2C392&ssl=1,https://beninwebtv.com/senegal-le-gouvernement-officialise-le-port-des-signes-religieux-a-lecole/,Sénégal,,beninwebtv,fr,,
Maroc : Macky Sall au centre d’une vive dispute à bord d’un vol,Kevin Aka,https://beninwebtv.com/author/kevin/,8 octobre 2024,"Une vive altercation a eu lieu le 7 octobre 2024 à bord d'un vol de Royal Air Maroc reliant Casablanca à Paris, impliquant Aïssa...",Politique,https://i0.wp.com/beninwebtv.com/wp-content/uploads/2024/02/Macky-Sall.webp?resize=696%2C348&ssl=1,https://beninwebtv.com/maroc-macky-sall-au-centre-dune-vive-dispute-a-bord-dun-vol/,Maroc,,beninwebtv,fr,,
Sénégal – Élections législatives : 41 listes retenues par la Direction générale des élections,Kevin Aka,https://beninwebtv.com/author/kevin/,8 octobre 2024,"La Direction générale des élections (DGE) du ministère de l'Intérieur et de la Sécurité publique du Sénégal a publié, ce lundi, une liste provisoire...",Politique,https://i0.wp.com/beninwebtv.com/wp-content/uploads/2024/10/vote-senegal.jpg?resize=696%2C348&ssl=1,https://beninwebtv.com/senegal-elections-legislatives-41-listes-retenues-par-la-direction-generale-des-elections/,Sénégal,,beninwebtv,fr,,
"CAN 2025 (Q): annoncé forfait par son club, Ismail Jakobs rejoint finalement le Sénégal",Leandro Zomassi,https://beninwebtv.com/author/libence/,8 octobre 2024,"Ismail Jakobs, le défenseur sénégalais de Galatasaray prêté par Monaco, a finalement rejoint la sélection nationale du Sénégal. Un soulagement pour les Lions de...",Afrique – Sport,https://i0.wp.com/beninwebtv.com/wp-content/uploads/2024/02/GGjLl7OWgAA97C4.webp?resize=696%2C551&ssl=1,https://beninwebtv.com/can-2025-q-annonce-forfait-par-son-club-ismail-jakobs-rejoint-finalement-le-senegal/,Sénégal,,beninwebtv,fr,,
Sénégal : Macky Sall démissionne de son poste d’Envoyé spécial du Pacte de Paris,Kevin Aka,https://beninwebtv.com/author/kevin/,7 octobre 2024,"L'ancien président sénégalais, Macky Sall, a annoncé officiellement sa démission de son poste d'Envoyé spécial du Pacte de Paris pour les peuples et la...",Politique,https://i0.wp.com/beninwebtv.com/wp-content/uploads/2024/02/Macky-Sall.webp?resize=696%2C348&ssl=1,https://beninwebtv.com/senegal-macky-sall-demissionne-de-son-poste-denvoye-special-du-pacte-de-paris/,Sénégal,,beninwebtv,fr,,
CAN 2025 (Q): la liste du Sénégal face au Malawi,Romaric Déguénon,https://beninwebtv.com/author/romaric/,4 octobre 2024,"La Fédération sénégalaise de football a publié la liste des joueurs retenus pour la double confrontation face au Malawi en ce mois d'octobre, comptant...",Afrique – Sport,https://i0.wp.com/beninwebtv.com/wp-content/uploads/2024/01/CAN-2023-Senegal-les-lions-de-la-Teranga-frappes-par-un-malheur.webp?resize=696%2C371&ssl=1,https://beninwebtv.com/can-2025-q-la-liste-du-senegal-face-au-malawi/,Sénégal,,beninwebtv,fr,,
Sénégal : voici l’équipe désignée pour succéder temporairement à Aliou Cissé,Kevin Aka,https://beninwebtv.com/author/kevin/,4 octobre 2024,"En attendant de désigner le successeur définitif d'Aliou Cissé à la tête de l'équipe nationale sénégalaise, une équipe intérimaire a été mise en place...",Afrique – Sport,https://i0.wp.com/beninwebtv.com/wp-content/uploads/2022/06/Aliou-Cisse.jpg?resize=696%2C434&ssl=1,https://beninwebtv.com/senegal-voici-lequipe-designee-pour-succeder-temporairement-a-aliou-cisse/,Sénégal,,beninwebtv,fr,,
Sénégal: Sadio Mané réagit au départ d’Aliou Cissé,Romaric Déguénon,https://beninwebtv.com/author/romaric/,3 octobre 2024,"A l'instar de la communauté sportive, Sadio Mané a également réagi au départ d'Aliou Cissé, non reconduit à son poste de sélectionneur du Sénégal...",Afrique – Sport,https://i0.wp.com/beninwebtv.com/wp-content/uploads/2024/01/Alou.webp?resize=696%2C464&ssl=1,https://beninwebtv.com/senegal-sadio-mane-reagit-au-depart-daliou-cisse/,Sénégal,,beninwebtv,fr,,
Aliou Cissé n’est plus le sélectionneur du Sénégal,Romaric Déguénon,https://beninwebtv.com/author/romaric/,2 octobre 2024,"Vainqueur de la CAN 2021 avec le Sénégal, Aliou Cissé ne continuera pas sur le banc des Lions de la Téranga. Le technicien...",Afrique – Sport,https://i0.wp.com/beninwebtv.com/wp-content/uploads/2024/01/Alou.webp?resize=696%2C464&ssl=1,https://beninwebtv.com/aliou-cisse-nest-plus-le-selectionneur-du-senegal/,Sénégal,,beninwebtv,fr,,
Sénégal: interpellation du chroniqueur Kader Dia,Aya N'goran,https://beninwebtv.com/author/aya/,1 octobre 2024,"Kader Dia, chroniqueur à la SEN TV a été arrêté ce lundi 30 septembre 2024. Il a été placé en garde en vue, après...",Société,https://i0.wp.com/beninwebtv.com/wp-content/uploads/2024/10/Kader-Dia.webp?resize=696%2C389&ssl=1,https://beninwebtv.com/senegal-interpellation-du-chroniqueur-kader-dia/,Sénégal,,beninwebtv,fr,,
Sierra Leone : arrestation de quatre étrangers après l’atterrissage non autorisé d’un avion à Freetown,Kevin Aka,https://beninwebtv.com/author/kevin/,21 septembre 2024,"Le gouvernement sierra-léonais, par l'intermédiaire de l'Autorité de l'Aviation Civile de la Sierra Leone (SLCAA), a annoncé l'arrestation de quatre individus à bord d'un...",Société,https://i0.wp.com/beninwebtv.com/wp-content/uploads/2023/12/prison-@-Doctissimo-1.webp?resize=696%2C392&ssl=1,https://beninwebtv.com/sierra-leone-arrestation-de-quatre-etrangers-apres-latterrissage-non-autorise-dun-avion-a-freetown/,Sierra Leone,,beninwebtv,fr,,
Sierra Leone : 11 personnes condamnées pour tentative de coup d’État,Casimir Vodjo,https://beninwebtv.com/author/benjamin/,23 juillet 2024,"En Sierra Leone, 11 personnes ont été lourdement condamnées pour leur implication dans une tentative de coup d'État contre le gouvernement de Freetown en...",Politique,https://i0.wp.com/beninwebtv.com/wp-content/uploads/2022/02/Justice.jpeg?resize=696%2C392&ssl=1,https://beninwebtv.com/sierra-leone-11-personnes-condamnees-pour-tentative-de-coup-detat/,Sierra Leone,,beninwebtv,fr,,
CDM 2026 (Q): la liste de la Sierra Leone face à Djibouti et le Burkina Faso,Romaric Déguénon,https://beninwebtv.com/author/romaric/,28 mai 2024,"Le sélectionneur national de la Sierra Leone, Amidu Karim, a dévoilé ce mardi la liste des Leone Stars retenus pour les matchs face au...",Football,https://i0.wp.com/beninwebtv.com/wp-content/uploads/2023/11/Sierra-Leone.webp?resize=696%2C392&ssl=1,https://beninwebtv.com/cdm-2026-q-la-liste-de-la-sierra-leone-face-a-djibouti-et-le-burkina-faso/,Sierra Leone,,beninwebtv,fr,,
"Coco Emilia : son ex Francis Mvemba retrouvé dans un commissariat, après sa disparition",Claudia DIANOU,https://beninwebtv.com/author/claudia-dianou/,29 mars 2024,"Disparu et annoncé mort il y a quelques jours, l’homme d’affaire congolais et ex-mari de Coco Emilia, Francis Mvemba a été retrouvé dans un...",Célébrité,https://i0.wp.com/beninwebtv.com/wp-content/uploads/2022/08/Francis-Mvemba-et-Coco-Emilia-@-Montage.jpg?resize=696%2C464&ssl=1,https://beninwebtv.com/coco-emilia-son-ex-francis-mvemba-retrouve-dans-un-commissariat-apres-sa-disparition/,RD Congo,,beninwebtv,fr,,
CAN 2023 : El Hadji Diouf s’attire la foudre de Lady Ponce,Claudia DIANOU,https://beninwebtv.com/author/claudia-dianou/,22 janvier 2024,"L’ancien joueur sénégalais, El Hadji Diouf a récemment fait une sortie médiatique, dans laquelle, il critiquait le Cameroun. N’ayant pas apprécié cette sortie de...",Célébrité,https://i0.wp.com/beninwebtv.com/wp-content/uploads/2024/01/Lady-Ponce-et-El-Hadji-Diouf.webp?resize=696%2C348&ssl=1,https://beninwebtv.com/can-2023-el-hadji-diouf-sattire-la-foudre-de-lady-ponce/,Cameroun,,beninwebtv,fr,,
Sierra Leone – Tentative de coup d’Etat: le Nigéria offre l’asile à l’ex-président Ernest Koroma,Romaric Déguénon,https://beninwebtv.com/author/romaric/,4 janvier 2024,"Selon la presse ghanéenne, l'ancien président de la Sierra Leone, Ernest Bai Koroma, devrait arriver ce jeudi au Nigeria après avoir obtenu l'asile politique...",Politique,https://i0.wp.com/beninwebtv.com/wp-content/uploads/2023/12/54360977_sierra_koroma_afp.webp?resize=696%2C391&ssl=1,https://beninwebtv.com/sierra-leone-tentative-de-coup-detat-le-nigeria-offre-lasile-a-lex-president-ernest-koroma/,Sierra Leone,,beninwebtv,fr,,
Sierra Leone – Tentative de coup d’Etat: l’ex-président Ernest Koroma inculpé,Vincent DEGUENON,https://beninwebtv.com/author/arnaud/,4 janvier 2024,"Déjà assigné à résidence depuis le 9 décembre, l’ancien chef de l’État est soupçonné d’avoir joué un rôle dans une « tentative de coup d’État »...",Politique,https://i0.wp.com/beninwebtv.com/wp-content/uploads/2023/12/54360977_sierra_koroma_afp.webp?resize=696%2C391&ssl=1,https://beninwebtv.com/sierra-leone-tentative-de-coup-detat-lex-president-ernest-koroma-inculpe/,Sierra Leone,,beninwebtv,fr,,
Tentative de coup d’Etat en Sierra Leone: 80 suspects dont l’ancien président arrêtés,Romaric Déguénon,https://beninwebtv.com/author/romaric/,15 décembre 2023,La traque à la tentative de coup d'Etat en Sierra Leone en fin novembre dernier a permis aux autorités de mettre la main sur...,Société,https://i0.wp.com/beninwebtv.com/wp-content/uploads/2023/12/54360977_sierra_koroma_afp.webp?resize=696%2C391&ssl=1,https://beninwebtv.com/tentative-de-coup-detat-en-sierra-leone-80-suspects-dont-lancien-president-arretes/,Sierra Leone,,beninwebtv,fr,,
Une délégation de haut niveau de la CEDEAO en Sierra Leone après la tentative de coup d’Etat,Casimir Vodjo,https://beninwebtv.com/author/benjamin/,1 décembre 2023,"En Sierra Leone, des individus armés ont pris pour cible, le dimanche 26 novembre, une armurerie militaire, deux autres casernes, deux prisons et...",Diplomatie,https://i0.wp.com/beninwebtv.com/wp-content/uploads/2022/04/CEDEAO-@-AA.jpg?resize=696%2C392&ssl=1,https://beninwebtv.com/une-delegation-de-haut-niveau-de-la-cedeao-en-sierra-leone-apres-la-tentative-de-coup-detat/,Sierra Leone,,beninwebtv,fr,,
"Sierra Leone: 13 soldats tués dans l’attaque du dimanche, 2 000 détenus évadés",Vincent DEGUENON,https://beninwebtv.com/author/arnaud/,28 novembre 2023,"En Sierra Leone, la traque se poursuit après le coup de force du dimanche 26 novembre. Selon les autorités, environ 2.000 détenus se sont...",Politique,https://i0.wp.com/beninwebtv.com/wp-content/uploads/2023/06/Julius-Maada-Bio.jpeg?resize=696%2C464&ssl=1,https://beninwebtv.com/sierra-leone-13-soldats-tues-dans-lattaque-du-dimanche-2-000-detenus-evades/,Sierra Leone,,beninwebtv,fr,,
"« L’objectif, c’est de se qualifier », Alaixys Romao après Algérie 5-1 Togo",Romaric Déguénon,https://beninwebtv.com/author/romaric/,11 octobre 2024,"Le milieu de terrain togolais, Jacques Alaixys Romao, a réaffirmé la volonté des Eperviers de se qualifier pour la CAN 2025, après la lourde...",Afrique – Sport,https://i0.wp.com/beninwebtv.com/wp-content/uploads/2024/10/maxresdefault.webp?resize=696%2C392&ssl=1,https://beninwebtv.com/lobjectif-cest-de-se-qualifier-alaixys-romao-apres-algerie-5-1-togo/,Algérie,,beninwebtv,fr,,
"CAN 2025 (Q) : L’Algérie domine le Togo, le Burkina Faso renverse le Burundi",Leandro Zomassi,https://beninwebtv.com/author/libence/,11 octobre 2024,"La troisième journée des éliminatoires de la CAN 2025 s'est poursuivie avec des rencontres décisives ce jeudi soir. À Annaba, l'Algérie a surclassé le...",Afrique – Sport,https://i0.wp.com/beninwebtv.com/wp-content/uploads/2024/06/can-2.webp?resize=696%2C432&ssl=1,https://beninwebtv.com/can-2025-q-lalgerie-domine-le-togo-le-burkina-faso-renverse-le-burundi/,Algérie,,beninwebtv,fr,,
Cameroun: un prêtre Togolais abattu par deux hommes armés à Mvolyé,Angèle M. ADANLE,https://beninwebtv.com/author/angele/,10 octobre 2024,"Le prêtre togolais Christophe Komla Badjougou a tragiquement été tué le lundi 7 octobre 2024 à Mvolyé, un quartier de Yaoundé, au Cameroun. Alors...",Société,https://i0.wp.com/beninwebtv.com/wp-content/uploads/2024/10/Le-pretre-togolais-Christophe-Komla-Badjougou-1.jpg?resize=696%2C362&ssl=1,https://beninwebtv.com/cameroun-un-pretre-togolais-abattu-par-deux-hommes-armes-a-mvolye/,Togo,,beninwebtv,fr,,
Togo : Coumba Sow prend les rênes en tant que Coordonnatrice résidente des Nations Unies,Kevin Aka,https://beninwebtv.com/author/kevin/,10 octobre 2024,"Le Secrétaire général des Nations Unies, António Guterres, a nommé Coumba D. Sow au poste de Coordonnatrice résidente des Nations Unies au Togo, une...",Société,https://i0.wp.com/beninwebtv.com/wp-content/uploads/2024/10/Coumba-Sow.png?resize=696%2C580&ssl=1,https://beninwebtv.com/togo-coumba-sow-prend-les-renes-en-tant-que-coordonnatrice-residente-des-nations-unies/,Togo,,beninwebtv,fr,,
"CAN 2025 (Q): Ghana-Soudan, Algérie-Togo, le programme de ce jeudi",Romaric Déguénon,https://beninwebtv.com/author/romaric/,10 octobre 2024,"Découvrez les affiches au programme ce jeudi à travers l'Afrique, comptant pour la troisième journée des éliminatoires de la CAN 2025. La troisième journée des...",Afrique – Sport,https://i0.wp.com/beninwebtv.com/wp-content/uploads/2024/06/can-2.webp?resize=696%2C432&ssl=1,https://beninwebtv.com/can-2025-q-ghana-soudan-algerie-togo-le-programme-de-ce-jeudi/,Ghana,,beninwebtv,fr,,
CAN 2025 (Q): le Togo sans son gardien Sama Mahadiou pour le choc contre l’Algérie,Romaric Déguénon,https://beninwebtv.com/author/romaric/,10 octobre 2024,"Alors que le Togo affronte l'Algérie ce jeudi à Annaba, dans le cadre de la troisième journée des éliminatoires de la CAN 2025, les...",Afrique – Sport,https://i0.wp.com/beninwebtv.com/wp-content/uploads/2024/10/20241008_121644.webp?resize=696%2C433&ssl=1,https://beninwebtv.com/can-2025-q-le-togo-sans-son-gardien-sama-mahadiou-pour-le-choc-contre-lalgerie/,Algérie,,beninwebtv,fr,,
"CHAN 2024 (Q): les Guépards du Bénin fixés, le tirage au sort complet",Romaric Déguénon,https://beninwebtv.com/author/romaric/,9 octobre 2024,La Confédération africaine de football a procédé ce mercredi au tirage au sort des préliminaires du CHAN 2024. Les Guépards du Bénin affronteront les...,Afrique – Sport,https://i0.wp.com/beninwebtv.com/wp-content/uploads/2024/06/guepards-locaux.webp?resize=696%2C317&ssl=1,https://beninwebtv.com/chan-2024-q-les-guepards-fixes-le-tirage-au-sort-complet/,Bénin,,beninwebtv,fr,,
"Mots pour maux, inconciliables  au Togo ?",padeguenon,https://beninwebtv.com/author/padeguenon/,9 octobre 2024,"Dimanche 29 septembre 2024 à Lomé, au Togo, Guy Marius Sagna, député sénégalais et membre du Parlement de la CEDEAO a été la cible...",Analyse et Décryptage,https://i0.wp.com/beninwebtv.com/wp-content/uploads/2024/07/Guy-Marius-Sagna.jpg?resize=696%2C348&ssl=1,https://beninwebtv.com/mots-pour-maux-inconciliables-au-togo/,Togo,,beninwebtv,fr,,
"Décès d’un jeune joueur togolais après une blessure, faute de soins",padeguenon,https://beninwebtv.com/author/padeguenon/,8 octobre 2024,"KODEGUI Emmanuel, un jeune joueur de 21 ans, en période d'essai avec l'équipe d'Espoir FC de Zio, a perdu la vie ce week-end après...",Société,https://i0.wp.com/beninwebtv.com/wp-content/uploads/2024/09/DRAME-1024x551-1.webp?resize=696%2C375&ssl=1,https://beninwebtv.com/deces-dun-jeune-joueur-togolais-apres-une-blessure-faute-de-soins/,Togo,,beninwebtv,fr,,
"CAN 2025 (Q): Bénin-Rwanda, Algérie-Togo, le programme complet de la 3è journée",Romaric Déguénon,https://beninwebtv.com/author/romaric/,8 octobre 2024,"La troisième journée des éliminatoires de la CAN 2025 s'ouvre cette semaine, avec plusieurs rencontres à travers le continent. Découvrez le programme complet de...",Afrique – Sport,https://i0.wp.com/beninwebtv.com/wp-content/uploads/2024/09/images-_1_.webp?resize=696%2C453&ssl=1,https://beninwebtv.com/can-2025-q-benin-rwanda-algerie-togo-le-programme-complet-de-la-3e-journee/,Bénin,,beninwebtv,fr,,
Éliminatoires CAN 2025: la liste de l’Afrique du Sud contre le Congo,Romaric Déguénon,https://beninwebtv.com/author/romaric/,3 octobre 2024,Le sélectionneur national de l'Afrique du Sud a publié sa liste des joueurs appelés pour le rassemblement d'octobre. Et Hugo Broos a sélectionné 23...,Afrique – Sport,https://i0.wp.com/beninwebtv.com/wp-content/uploads/2023/10/FA-1.webp?resize=696%2C433&ssl=1,https://beninwebtv.com/eliminatoires-can-2025-la-liste-de-lafrique-du-sud-contre-le-congo/,Afrique du Sud,,beninwebtv,fr,,
"Afrique du Sud: décès d’Alton Meiring, ancien attaquant des Bafana Bafana",Romaric Déguénon,https://beninwebtv.com/author/romaric/,30 septembre 2024,"Ancien attaquant des Mamelodi Sundowns et ex-international sud-africain, Alton Meiring est décédé dimanche, âgé de 48 ans, a confirmé Luso Africa FC sur ses...",Afrique – Sport,https://i0.wp.com/beninwebtv.com/wp-content/uploads/2024/09/Alton-Meiring-coach-2.jpg.webp?resize=696%2C392&ssl=1,https://beninwebtv.com/afrique-du-sud-deces-dalton-meiring-ancien-attaquant-des-bafana-bafana/,Afrique du Sud,,beninwebtv,fr,,
Afrique du Sud: une épidémie de bilharziose signalée dans la province du Limpopo,Kevin Aka,https://beninwebtv.com/author/kevin/,9 septembre 2024,"Une épidémie de bilharziose, aussi appelée schistosomiase, une maladie parasitaire transmise par l'eau, a été rapportée dans la province du Limpopo, située dans le...",Santé,https://i0.wp.com/beninwebtv.com/wp-content/uploads/2024/09/epidemie-de-bilharziose.jpeg?resize=696%2C463&ssl=1,https://beninwebtv.com/afrique-du-sud-une-epidemie-de-bilharziose-signalee-dans-la-province-du-limpopo/,Afrique du Sud,,beninwebtv,fr,,
"Afrique du Sud : décès de l’actrice Connie Chiume, star de Black Panther",Kevin Aka,https://beninwebtv.com/author/kevin/,7 août 2024,"L'actrice sud-africaine Connie Chiume, connue pour son rôle de Zawavari dans la saga Black Panther, est décédée ce mardi 6 juin dans un hôpital...",Célébrité,https://i0.wp.com/beninwebtv.com/wp-content/uploads/2024/08/Connie-Chiume.jpg?resize=696%2C348&ssl=1,https://beninwebtv.com/afrique-du-sud-deces-de-lactrice-connie-chiume-star-de-black-panther/,Afrique du Sud,,beninwebtv,fr,,
JO Paris 2024: déjà cinq médailles pour l’Afrique,Romaric Déguénon,https://beninwebtv.com/author/romaric/,30 juillet 2024,"A l'instar des autres continents, l'Afrique est bien représenté aux Jeux Olympiques Paris 2024 qui se déroulent en France. Et au soir du 29...",Monde – Sport,https://i0.wp.com/beninwebtv.com/wp-content/uploads/2024/07/JO-1024x580-1.webp?resize=696%2C394&ssl=1,https://beninwebtv.com/jo-paris-2024-deja-cinq-medailles-pour-lafrique/,Afrique du Sud,,beninwebtv,fr,,
JO Paris 2024: une première médaille d’Or pour l’Afrique,Romaric Déguénon,https://beninwebtv.com/author/romaric/,30 juillet 2024,"L'Afrique a remporté sa première médaille d'Or aux Jeux Olympiques Paris 2024, avec la nageuse Sud-africaine, Tatiana Smith, sacrée championne au 100m brasses. L'Afrique ne...",Monde – Sport,https://i0.wp.com/beninwebtv.com/wp-content/uploads/2024/07/FB_IMG_1722282730581.jpg?resize=696%2C460&ssl=1,https://beninwebtv.com/jo-paris-2024-une-premiere-medaille-dor-pour-lafrique/,Afrique du Sud,,beninwebtv,fr,,
"Afrique du Sud : Jacob Zuma exclu de l’ANC, le parti au pouvoir",Casimir Vodjo,https://beninwebtv.com/author/benjamin/,29 juillet 2024,"L'ancien président sud-africain Jacob Zuma a été exclu du Congrès national africain (ANC), selon des informations rapportées par un média public. Zuma, qui a...",Politique,https://i0.wp.com/beninwebtv.com/wp-content/uploads/2021/05/Zuma.jpg?resize=696%2C464&ssl=1,https://beninwebtv.com/afrique-du-sud-jacob-zuma-exclu-de-lanc-le-parti-au-pouvoir/,Afrique du Sud,,beninwebtv,fr,,
JO Paris 2024-Rugby: la France élimine l’Afrique du Sud et file en finale,Romaric Déguénon,https://beninwebtv.com/author/romaric/,27 juillet 2024,"La France s'est qualifiée pour la finale du rugby olympique après sa victoire face à l'Afrique du Sud (19-5), ce samedi. Hôte du tournoi, la...",Monde – Sport,https://i0.wp.com/beninwebtv.com/wp-content/uploads/2024/07/ee6a8.webp?resize=696%2C464&ssl=1,https://beninwebtv.com/jo-paris-2024-rugby-la-france-elimine-lafrique-du-sud-et-file-en-finale/,Afrique du Sud,,beninwebtv,fr,,
Afrique du Sud: 95 libyens arrêtés dans une base clandestine,Kevin Aka,https://beninwebtv.com/author/kevin/,26 juillet 2024,Le Service de police sud-africain (SAPS) a annoncé vendredi avoir arrêté 95 ressortissants libyens lors d'une opération dans une base d'entraînement militaire présumée illégale...,Société,https://i0.wp.com/beninwebtv.com/wp-content/uploads/2022/04/Societe-1.png?resize=696%2C398&ssl=1,https://beninwebtv.com/afrique-du-sud-95-libyens-arretes-dans-une-base-clandestine/,Afrique du Sud,,beninwebtv,fr,,
Salva Kiir en visite de travail en Afrique du Sud,Casimir Vodjo,https://beninwebtv.com/author/benjamin/,25 juillet 2024,"Le président du Soudan du Sud, Salva Kiir, a entamé une visite de travail de deux jours à Prétoria, où il s'entretiendra avec le...",Diplomatie,https://i0.wp.com/beninwebtv.com/wp-content/uploads/2021/06/Diplomatie-678x355-1728x800_c.jpg?resize=696%2C322&ssl=1,https://beninwebtv.com/salva-kiir-en-visite-de-travail-en-afrique-du-sud/,Afrique du Sud,,beninwebtv,fr,,
Mondial Futsal 2024: l’Ukraine écrabouille l’Angola,Romaric Déguénon,https://beninwebtv.com/author/romaric/,18 septembre 2024,"L'Angola a presque dit adieu au Mondial de Futsal 2024 qui se déroule en Ouzbékistan après sa défaite face à l'Ukraine (2-7), ce mercredi. La...",Football,https://i0.wp.com/beninwebtv.com/wp-content/uploads/2024/09/Angola-futsal-850x560-1.webp?resize=696%2C458&ssl=1,https://beninwebtv.com/mondial-futsal-2024-lukraine-ecrabouille-langola/,Angola,,beninwebtv,fr,,
Mondial de Futsal 2024: 03 pays africains en lice pour le titre,Romaric Déguénon,https://beninwebtv.com/author/romaric/,12 septembre 2024,"L'Afrique va également disputer la Coupe du monde de Futsal 2024 de la FIFA qui se déroulera en Ouzbékistan, avec le Maroc, l'Angola et...",Football,https://i0.wp.com/beninwebtv.com/wp-content/uploads/2024/09/mondial_de_futsal.webp?resize=696%2C490&ssl=1,https://beninwebtv.com/mondial-de-futsal-2024-03-pays-africains-en-lice-pour-le-titre/,Angola,,beninwebtv,fr,,
CAN 2025 (Q): les résultats complets de la deuxième journée,Romaric Déguénon,https://beninwebtv.com/author/romaric/,11 septembre 2024,"Découvrez les résultats des matchs de la deuxième journée des éliminatoires de la CAN 2025, disputés à travers l'Afrique. La deuxième journée des éliminatoires...",Afrique – Sport,https://i0.wp.com/beninwebtv.com/wp-content/uploads/2024/06/can-2.webp?resize=696%2C432&ssl=1,https://beninwebtv.com/can-2025-q-les-resultats-complets-de-la-deuxieme-journee/,Angola,,beninwebtv,fr,,
"CAN 2025 (Q): Ghana-Angola, le programme de ce jeudi",Romaric Déguénon,https://beninwebtv.com/author/romaric/,5 septembre 2024,"Plusieurs matchs sont au programme ce jeudi à travers le continent, comptant pour les éliminatoires de la Coupe d'Afrique des nations 2025. Découvrez les...",Afrique – Sport,https://i0.wp.com/beninwebtv.com/wp-content/uploads/2024/06/can-2.webp?resize=696%2C432&ssl=1,https://beninwebtv.com/can-2025-q-ghana-angola-le-programme-de-ce-jeudi/,Angola,,beninwebtv,fr,,
ASECNA: Louis Prince Agbodjan candidat du Bénin face à 3 autres prétendants,Edouard Djogbénou,https://beninwebtv.com/author/edouard/,26 août 2024,Le Bénin est candidat au poste de Directeur Général de l’Agence pour la Sécurité de la Navigation Aérienne Africaine et Malgache (ASECNA). Son candidat...,Diplomatie,https://i0.wp.com/beninwebtv.com/wp-content/uploads/2024/03/Asecna.webp?resize=696%2C522&ssl=1,https://beninwebtv.com/asecna-louis-prince-agbodjan-candidat-du-benin-face-a-3-autres-pretendants/,Afrique,,beninwebtv,fr,,
Angola: un émissaire de Patrice Talon chez le président João Lourenço,Vincent DEGUENON,https://beninwebtv.com/author/arnaud/,11 juillet 2024,"Le chef de l'Etat angolais, João Lourenço, a reçu mercredi à Luanda un message de son homologue béninois, Patrice Talon, dans le cadre du...",Diplomatie,https://i0.wp.com/beninwebtv.com/wp-content/uploads/2024/07/50cab03d-decf-4f08-87ce-47a99c1fc5a9-770x513-1.webp?resize=696%2C463&ssl=1,https://beninwebtv.com/angola-un-emissaire-de-patrice-talon-chez-le-president-joao-lourenco/,Angola,,beninwebtv,fr,,
Côte d’Ivoire : le Chef de l’État angolais attendu à Abidjan,Kevin Aka,https://beninwebtv.com/author/kevin/,25 juin 2024,"Le président de la République d'Angola, João Lourenço, effectuera une visite officielle en Côte d'Ivoire du 26 au 29 juin 2024. Attendu à l'aéroport international...",Diplomatie,https://i0.wp.com/beninwebtv.com/wp-content/uploads/2024/06/Joao-Lourenco-et-Alassane-Ouattara.jpg?resize=696%2C464&ssl=1,https://beninwebtv.com/cote-divoire-le-chef-de-letat-angolais-attendu-a-abidjan/,Angola,,beninwebtv,fr,,
"«Je suis déçu du résultat», Marc Brys après Angola 1-1 Cameroun",Romaric Déguénon,https://beninwebtv.com/author/romaric/,12 juin 2024,"Le sélectionneur du Cameroun, Marc Brys, a réagi au match nul de son équipe face à l'Angola (1-1) mardi, en éliminatoire de la Coupe...",Football,https://i0.wp.com/beninwebtv.com/wp-content/uploads/2024/04/Marc-Brys.webp?resize=696%2C464&ssl=1,https://beninwebtv.com/je-suis-decu-du-resultat-marc-brys-apres-angola-1-1-cameroun/,Angola,,beninwebtv,fr,,
CDM 2026 (Q): suivez le match Angola-Cameroun en direct (vidéo),Romaric Déguénon,https://beninwebtv.com/author/romaric/,11 juin 2024,"Le Cameroun et l'Angola s'affrontent ce mardi soir à Luanda, dans le cadre de la 4è journée des éliminatoires de la Coupe du monde...",Football,https://i0.wp.com/beninwebtv.com/wp-content/uploads/2023/10/Aboubakar-1.webp?resize=696%2C391&ssl=1,https://beninwebtv.com/cdm-2026-q-suivez-le-match-angola-cameroun-en-direct-video/,Angola,,beninwebtv,fr,,
"CDM 2026 (Q): Lesotho-Rwanda, Angola-Cameroun, le programme de ce mardi",Romaric Déguénon,https://beninwebtv.com/author/romaric/,11 juin 2024,"La quatrième journée des éliminatoires de la Coupe du monde 2026 dans la zone Afrique, s'achève ce mardi avec plusieurs affiches au programme. Découvrez...",Football,https://i0.wp.com/beninwebtv.com/wp-content/uploads/2024/04/Marc-Brys.webp?resize=696%2C464&ssl=1,https://beninwebtv.com/cdm-2026-q-lesotho-rwanda-angola-cameroun-le-programme-de-ce-mardi/,Angola,,beninwebtv,fr,,
